Region,Year,Population-Weighted PM2.5 [ug/m3],Geographic-Mean PM2.5 [ug/m3],Population Coverage [%],Geographic Coverage [%],Total Population [million people],% pop >= 5 ug/m3 [%],% pop >= 10 ug/m3 [%],% pop >= 15 ug/m3 [%],% pop >= 25 ug/m3 [%],% pop >= 30 ug/m3 [%],% pop >= 35 ug/m3 [%],% pop >= 40 ug/m3 [%],% pop >= 45 ug/m3 [%],% pop >= 50 ug/m3 [%],% pop >= 55 ug/m3 [%],% pop >= 60 ug/m3 [%]
Andaman and Nicobar,1998,18.9,18.1,99.5,98.7,0.331,100.0,99.3,86.8,2.8,0.0,0.0,0.0,0.0,0.0,0.0,0.0
Andaman and Nicobar,1999,18.9,18.3,99.5,98.7,0.331,100.0,100.0,86.7,1.3,0.0,0.0,0.0,0.0,0.0,0.0,0.0
Andaman and Nicobar,2000,20.7,19.9,99.5,98.7,0.331,100.0,100.0,88.0,6.3,0.0,0.0,0.0,0.0,0.0,0.0,0.0
Andaman and Nicobar,2001,21.5,20.3,99.5,98.7,0.333,100.0,100.0,88.3,9.6,0.0,0.0,0.0,0.0,0.0,0.0,0.0
Andaman and Nicobar,2002,22.5,21.3,99.5,98.7,0.336,100.0,100.0,88.5,24.3,0.2,0.0,0.0,0.0,0.0,0.0,0.0
Andaman and Nicobar,2003,22.3,21.3,99.5,98.7,0.338,100.0,100.0,91.8,17.1,0.2,0.0,0.0,0.0,0.0,0.0,0.0
Andaman and Nicobar,2004,25.1,23.6,99.5,98.7,0.340,100.0,100.0,97.1,67.0,3.1,0.0,0.0,0.0,0.0,0.0,0.0
Andaman and Nicobar,2005,22.3,21.1,99.5,98.7,0.343,100.0,100.0,89.2,23.3,0.3,0.0,0.0,0.0,0.0,0.0,0.0
Andaman and Nicobar,2006,25.4,23.9,99.5,98.7,0.344,100.0,100.0,95.3,69.4,4.0,0.0,0.0,0.0,0.0,0.0,0.0
Andaman and Nicobar,2007,24.3,23.1,99.5,98.7,0.346,100.0,100.0,96.4,52.4,1.6,0.0,0.0,0.0,0.0,0.0,0.0
Andaman and Nicobar,2008,25.0,23.5,99.5,98.7,0.348,100.0,100.0,95.9,64.4,2.1,0.0,0.0,0.0,0.0,0.0,0.0
Andaman and Nicobar,2009,26.1,24.5,99.5,98.7,0.349,100.0,100.0,95.4,77.7,8.1,0.0,0.0,0.0,0.0,0.0,0.0
Andaman and Nicobar,2010,25.3,23.9,99.5,98.7,0.351,100.0,100.0,99.6,64.4,3.0,0.0,0.0,0.0,0.0,0.0,0.0
Andaman and Nicobar,2011,25.2,23.4,99.5,98.7,0.352,100.0,100.0,94.1,69.2,3.1,0.0,0.0,0.0,0.0,0.0,0.0
Andaman and Nicobar,2012,27.6,25.6,99.5,98.7,0.353,100.0,100.0,97.7,87.4,26.3,0.2,0.0,0.0,0.0,0.0,0.0
Andaman and Nicobar,2013,27.0,25.2,99.5,98.7,0.354,100.0,100.0,99.0,81.9,15.1,0.0,0.0,0.0,0.0,0.0,0.0
Andaman and Nicobar,2014,30.0,27.9,99.5,98.7,0.355,100.0,100.0,97.9,88.4,66.0,6.4,0.0,0.0,0.0,0.0,0.0
Andaman and Nicobar,2015,24.0,22.6,99.6,98.7,0.356,100.0,100.0,92.5,48.9,1.4,0.0,0.0,0.0,0.0,0.0,0.0
Andaman and Nicobar,2016,26.5,24.5,99.6,98.7,0.357,100.0,100.0,98.9,83.0,7.4,0.0,0.0,0.0,0.0,0.0,0.0
Andaman and Nicobar,2017,23.4,21.4,99.6,98.7,0.358,100.0,100.0,92.4,33.9,0.3,0.0,0.0,0.0,0.0,0.0,0.0
Andaman and Nicobar,2018,26.0,23.7,99.6,98.7,0.359,100.0,100.0,94.7,78.9,7.3,0.0,0.0,0.0,0.0,0.0,0.0
Andaman and Nicobar,2019,26.3,24.3,99.6,98.7,0.359,100.0,100.0,98.1,80.2,7.2,0.0,0.0,0.0,0.0,0.0,0.0
Andaman and Nicobar,2020,25.5,23.4,99.6,98.7,0.360,100.0,100.0,98.0,70.3,3.1,0.0,0.0,0.0,0.0,0.0,0.0
Andaman and Nicobar,2021,22.6,20.5,99.6,98.7,0.360,100.0,99.6,92.1,17.4,0.2,0.0,0.0,0.0,0.0,0.0,0.0
Andhra Pradesh,1998,17.9,17.7,99.9,99.9,46.644,100.0,99.9,89.8,0.5,0.0,0.0,0.0,0.0,0.0,0.0,0.0
Andhra Pradesh,1999,20.0,19.7,99.9,99.9,46.644,100.0,100.0,96.8,2.6,0.0,0.0,0.0,0.0,0.0,0.0,0.0
Andhra Pradesh,2000,21.5,20.7,99.9,99.9,46.644,100.0,100.0,98.0,9.0,0.0,0.0,0.0,0.0,0.0,0.0,0.0
Andhra Pradesh,2001,23.8,23.8,99.9,99.9,47.090,100.0,100.0,100.0,28.9,0.2,0.0,0.0,0.0,0.0,0.0,0.0
Andhra Pradesh,2002,24.0,23.7,99.9,99.9,47.535,100.0,100.0,99.7,34.7,0.4,0.0,0.0,0.0,0.0,0.0,0.0
Andhra Pradesh,2003,24.7,24.5,99.9,99.9,47.981,100.0,100.0,100.0,46.9,1.2,0.0,0.0,0.0,0.0,0.0,0.0
Andhra Pradesh,2004,25.9,25.4,99.9,99.9,48.427,100.0,100.0,100.0,67.2,3.9,0.1,0.0,0.0,0.0,0.0,0.0
Andhra Pradesh,2005,27.8,27.6,99.9,99.9,48.872,100.0,100.0,100.0,86.1,22.7,1.2,0.0,0.0,0.0,0.0,0.0
Andhra Pradesh,2006,28.9,28.0,99.9,99.9,49.229,100.0,100.0,100.0,89.5,40.6,0.7,0.0,0.0,0.0,0.0,0.0
Andhra Pradesh,2007,30.2,29.4,99.9,99.9,49.585,100.0,100.0,100.0,95.4,57.2,2.6,0.0,0.0,0.0,0.0,0.0
Andhra Pradesh,2008,31.8,30.5,99.9,99.9,49.942,100.0,100.0,100.0,97.1,74.8,14.9,0.1,0.0,0.0,0.0,0.0
Andhra Pradesh,2009,32.6,31.5,99.9,99.9,50.298,100.0,100.0,100.0,98.3,81.7,23.1,0.1,0.0,0.0,0.0,0.0
Andhra Pradesh,2010,29.9,29.5,99.9,99.9,50.655,100.0,100.0,100.0,94.7,49.8,4.0,0.0,0.0,0.0,0.0,0.0
Andhra Pradesh,2011,32.0,31.0,99.9,99.9,50.908,100.0,100.0,100.0,98.0,76.5,16.9,0.1,0.0,0.0,0.0,0.0
Andhra Pradesh,2012,30.4,29.3,99.9,99.9,51.162,100.0,100.0,100.0,94.3,62.9,2.5,0.0,0.0,0.0,0.0,0.0
Andhra Pradesh,2013,30.3,29.3,99.9,99.9,51.415,100.0,100.0,100.0,94.9,60.8,2.0,0.0,0.0,0.0,0.0,0.0
Andhra Pradesh,2014,34.1,32.4,99.9,99.9,51.669,100.0,100.0,100.0,97.8,83.6,46.6,3.1,0.0,0.0,0.0,0.0
Andhra Pradesh,2015,29.9,28.8,99.9,99.9,51.922,100.0,100.0,100.0,88.9,53.2,5.9,0.2,0.0,0.0,0.0,0.0
Andhra Pradesh,2016,30.5,29.1,99.9,99.9,52.113,100.0,100.0,100.0,95.8,55.6,7.6,0.1,0.0,0.0,0.0,0.0
Andhra Pradesh,2017,33.6,32.2,99.9,99.9,52.304,100.0,100.0,100.0,99.0,84.8,36.3,1.4,0.0,0.0,0.0,0.0
Andhra Pradesh,2018,33.1,32.1,99.9,99.9,52.494,100.0,100.0,100.0,99.0,83.3,30.4,0.6,0.0,0.0,0.0,0.0
Andhra Pradesh,2019,30.5,29.4,99.9,99.9,52.685,100.0,100.0,100.0,91.9,63.7,5.7,0.1,0.0,0.0,0.0,0.0
Andhra Pradesh,2020,31.1,29.7,99.9,99.9,52.876,100.0,100.0,100.0,90.7,68.9,13.0,0.2,0.0,0.0,0.0,0.0
Andhra Pradesh,2021,33.3,31.8,99.9,99.9,52.876,100.0,100.0,100.0,95.9,79.5,39.8,1.5,0.1,0.0,0.0,0.0
Arunachal Pradesh,1998,10.4,8.3,100.0,100.0,1.170,99.7,44.8,11.0,0.0,0.0,0.0,0.0,0.0,0.0,0.0,0.0
Arunachal Pradesh,1999,12.1,10.1,100.0,100.0,1.170,100.0,79.4,12.3,0.0,0.0,0.0,0.0,0.0,0.0,0.0,0.0
Arunachal Pradesh,2000,12.6,10.3,100.0,100.0,1.170,99.9,74.5,20.9,0.0,0.0,0.0,0.0,0.0,0.0,0.0,0.0
Arunachal Pradesh,2001,14.7,13.1,100.0,100.0,1.198,100.0,97.3,41.6,0.0,0.0,0.0,0.0,0.0,0.0,0.0,0.0
Arunachal Pradesh,2002,13.7,12.1,100.0,100.0,1.225,100.0,93.8,27.1,0.0,0.0,0.0,0.0,0.0,0.0,0.0,0.0
Arunachal Pradesh,2003,14.4,12.4,100.0,100.0,1.252,100.0,94.3,38.9,0.0,0.0,0.0,0.0,0.0,0.0,0.0,0.0
Arunachal Pradesh,2004,14.5,12.4,100.0,100.0,1.280,100.0,94.7,43.7,0.0,0.0,0.0,0.0,0.0,0.0,0.0,0.0
Arunachal Pradesh,2005,15.4,13.4,100.0,100.0,1.307,100.0,98.5,50.7,0.3,0.0,0.0,0.0,0.0,0.0,0.0,0.0
Arunachal Pradesh,2006,16.7,14.0,100.0,100.0,1.336,100.0,99.0,63.2,5.2,0.0,0.0,0.0,0.0,0.0,0.0,0.0
Arunachal Pradesh,2007,15.8,13.2,100.0,100.0,1.366,100.0,98.1,49.9,4.9,0.0,0.0,0.0,0.0,0.0,0.0,0.0
Arunachal Pradesh,2008,15.8,13.1,100.0,100.0,1.395,100.0,98.2,53.1,2.0,0.0,0.0,0.0,0.0,0.0,0.0,0.0
Arunachal Pradesh,2009,19.0,16.1,100.0,100.0,1.424,100.0,99.7,85.0,9.2,3.2,0.0,0.0,0.0,0.0,0.0,0.0
Arunachal Pradesh,2010,15.7,12.7,100.0,100.0,1.453,100.0,97.0,50.8,2.8,0.0,0.0,0.0,0.0,0.0,0.0,0.0
Arunachal Pradesh,2011,16.6,13.5,100.0,100.0,1.485,100.0,98.7,57.9,3.4,0.0,0.0,0.0,0.0,0.0,0.0,0.0
Arunachal Pradesh,2012,18.6,15.9,100.0,100.0,1.516,100.0,99.8,82.2,9.7,0.0,0.0,0.0,0.0,0.0,0.0,0.0
Arunachal Pradesh,2013,16.0,13.3,100.0,100.0,1.548,100.0,98.8,54.1,1.5,0.0,0.0,0.0,0.0,0.0,0.0,0.0
Arunachal Pradesh,2014,16.7,14.2,100.0,100.0,1.579,100.0,99.1,64.8,2.1,0.0,0.0,0.0,0.0,0.0,0.0,0.0
Arunachal Pradesh,2015,14.7,12.2,100.0,100.0,1.611,100.0,93.2,41.0,0.7,0.0,0.0,0.0,0.0,0.0,0.0,0.0
Arunachal Pradesh,2016,15.2,12.8,100.0,100.0,1.647,100.0,97.1,46.6,0.9,0.0,0.0,0.0,0.0,0.0,0.0,0.0
Arunachal Pradesh,2017,15.3,12.7,100.0,100.0,1.682,100.0,97.1,46.2,0.5,0.0,0.0,0.0,0.0,0.0,0.0,0.0
Arunachal Pradesh,2018,16.5,13.3,100.0,100.0,1.718,100.0,97.3,58.0,4.2,0.0,0.0,0.0,0.0,0.0,0.0,0.0
Arunachal Pradesh,2019,16.1,13.2,100.0,100.0,1.754,100.0,98.5,54.4,1.9,0.0,0.0,0.0,0.0,0.0,0.0,0.0
Arunachal Pradesh,2020,14.8,12.1,100.0,100.0,1.789,100.0,94.5,40.7,1.0,0.0,0.0,0.0,0.0,0.0,0.0,0.0
Arunachal Pradesh,2021,16.9,13.9,100.0,100.0,1.789,100.0,98.9,65.5,4.3,0.2,0.0,0.0,0.0,0.0,0.0,0.0
Assam,1998,20.1,19.6,100.0,99.9,26.920,100.0,99.2,82.4,15.2,3.7,0.7,0.0,0.0,0.0,0.0,0.0
Assam,1999,21.2,20.6,100.0,99.9,26.920,100.0,99.8,88.5,22.7,3.6,0.5,0.0,0.0,0.0,0.0,0.0
Assam,2000,23.8,23.2,100.0,99.9,26.920,100.0,99.9,96.0,42.2,13.3,2.8,0.9,0.0,0.0,0.0,0.0
Assam,2001,25.8,24.9,100.0,99.9,27.373,100.0,100.0,99.0,57.3,22.7,4.4,1.2,0.1,0.0,0.0,0.0
Assam,2002,24.8,24.0,100.0,99.9,27.827,100.0,100.0,96.9,47.8,19.7,4.6,1.2,0.2,0.0,0.0,0.0
Assam,2003,27.3,26.2,100.0,99.9,28.280,100.0,100.0,98.9,65.4,34.1,9.1,2.0,0.7,0.1,0.0,0.0
Assam,2004,27.5,26.6,100.0,99.9,28.734,100.0,100.0,99.3,70.1,32.1,7.9,1.6,0.5,0.1,0.0,0.0
Assam,2005,28.8,27.5,100.0,99.9,29.187,100.0,100.0,99.7,73.0,39.8,20.3,2.7,1.2,0.3,0.0,0.0
Assam,2006,31.4,30.2,100.0,99.9,29.612,100.0,100.0,99.9,81.0,57.2,29.7,10.9,2.3,1.0,0.0,0.0
Assam,2007,30.2,29.1,100.0,99.9,30.036,100.0,100.0,99.8,78.4,49.3,24.1,5.6,1.6,0.4,0.0,0.0
Assam,2008,29.8,28.5,100.0,99.9,30.460,100.0,100.0,99.9,76.0,43.8,23.3,4.7,1.6,0.3,0.0,0.0
Assam,2009,35.0,34.0,100.0,99.9,30.885,100.0,100.0,100.0,91.6,76.4,50.6,22.9,5.1,1.6,0.7,0.1
Assam,2010,31.5,30.1,100.0,99.9,31.309,100.0,100.0,99.8,81.9,59.0,30.5,9.6,2.2,0.8,0.1,0.0
Assam,2011,32.7,31.3,100.0,99.9,31.692,100.0,100.0,99.9,85.1,68.8,35.7,13.9,2.7,0.8,0.1,0.0
Assam,2012,36.8,35.1,100.0,99.9,32.075,100.0,100.0,99.9,90.3,78.5,60.7,36.9,16.6,4.0,1.5,0.5
Assam,2013,32.1,30.5,100.0,99.9,32.457,100.0,100.0,99.8,82.5,65.1,34.9,11.2,2.9,1.1,0.5,0.0
Assam,2014,33.0,31.4,100.0,99.9,32.840,100.0,100.0,99.9,85.1,68.0,40.4,16.0,3.1,1.4,0.3,0.0
Assam,2015,30.3,29.2,100.0,99.9,33.222,100.0,100.0,99.4,79.7,51.2,25.3,5.8,1.5,0.5,0.1,0.0
Assam,2016,30.2,29.0,100.0,99.9,33.584,100.0,100.0,99.7,80.4,48.7,22.4,6.5,1.3,0.4,0.0,0.0
Assam,2017,31.9,30.5,100.0,99.9,33.945,100.0,100.0,99.7,83.0,65.5,33.4,10.2,2.5,1.2,0.2,0.0
Assam,2018,36.2,34.4,100.0,99.9,34.307,100.0,100.0,99.8,89.0,77.4,58.0,34.1,13.3,3.7,1.5,0.4
Assam,2019,33.1,31.8,100.0,99.9,34.668,100.0,100.0,99.9,85.8,68.3,40.6,17.2,4.2,1.5,0.3,0.1
Assam,2020,33.6,32.0,100.0,99.9,35.030,100.0,100.0,99.6,84.0,67.6,45.0,21.9,5.7,2.0,0.8,0.1
Assam,2021,36.1,34.3,100.0,99.9,35.030,100.0,100.0,99.9,87.7,76.8,53.1,33.8,17.0,3.9,1.3,0.1
Bihar,1998,57.8,55.0,100.0,100.0,84.765,100.0,100.0,100.0,99.9,99.8,99.2,97.1,92.4,82.1,64.4,43.1
Bihar,1999,57.5,54.6,100.0,100.0,84.765,100.0,100.0,100.0,100.0,99.8,99.2,96.6,90.0,77.7,62.2,43.2
Bihar,2000,64.1,60.7,100.0,100.0,84.765,100.0,100.0,100.0,100.0,99.9,99.7,98.7,95.7,87.2,74.9,62.3
Bihar,2001,71.8,68.0,100.0,100.0,86.839,100.0,100.0,100.0,100.0,100.0,99.9,99.7,98.5,95.4,88.0,76.9
Bihar,2002,67.9,64.5,100.0,100.0,88.914,100.0,100.0,100.0,100.0,100.0,99.9,99.4,97.6,93.0,83.1,72.4
Bihar,2003,71.1,67.5,100.0,100.0,90.988,100.0,100.0,100.0,100.0,100.0,100.0,99.9,98.8,96.0,87.1,77.9
Bihar,2004,72.5,68.9,100.0,100.0,93.063,100.0,100.0,100.0,100.0,100.0,100.0,99.9,98.6,95.5,88.5,78.5
Bihar,2005,70.4,66.7,100.0,100.0,95.137,100.0,100.0,100.0,100.0,100.0,99.9,99.5,98.0,94.4,87.3,76.1
Bihar,2006,79.7,75.4,100.0,100.0,97.233,100.0,100.0,100.0,100.0,100.0,99.9,99.7,99.3,98.1,95.5,89.8
Bihar,2007,79.6,75.5,100.0,100.0,99.328,100.0,100.0,100.0,100.0,100.0,100.0,99.9,99.7,98.6,95.8,90.4
Bihar,2008,85.8,81.8,100.0,100.0,101.423,100.0,100.0,100.0,100.0,100.0,100.0,100.0,99.9,99.8,98.5,96.6
Bihar,2009,87.5,82.9,100.0,100.0,103.518,100.0,100.0,100.0,100.0,100.0,100.0,99.9,99.7,99.3,98.2,96.0
Bihar,2010,79.7,75.3,100.0,100.0,105.613,100.0,100.0,100.0,100.0,100.0,99.9,99.8,99.4,98.2,95.4,88.9
Bihar,2011,90.9,86.4,100.0,100.0,107.678,100.0,100.0,100.0,100.0,100.0,100.0,100.0,100.0,99.9,99.3,98.3
Bihar,2012,86.6,82.3,100.0,100.0,109.742,100.0,100.0,100.0,100.0,100.0,100.0,99.9,99.7,99.4,98.6,96.8
Bihar,2013,87.9,83.3,100.0,100.0,111.806,100.0,100.0,100.0,100.0,100.0,100.0,100.0,99.9,99.7,99.1,97.2
Bihar,2014,84.0,79.5,100.0,100.0,113.871,100.0,100.0,100.0,100.0,100.0,100.0,99.9,99.7,99.4,97.9,95.3
Bihar,2015,82.0,78.0,100.0,100.0,115.935,100.0,100.0,100.0,100.0,100.0,100.0,100.0,99.8,99.4,97.8,94.8
Bihar,2016,87.9,83.4,100.0,100.0,118.033,100.0,100.0,100.0,100.0,100.0,100.0,100.0,99.9,99.4,98.1,96.0
Bihar,2017,81.5,77.5,100.0,100.0,120.131,100.0,100.0,100.0,100.0,100.0,100.0,99.9,99.7,99.4,97.4,94.5
Bihar,2018,86.1,81.9,100.0,100.0,122.229,100.0,100.0,100.0,100.0,100.0,100.0,99.9,99.8,99.6,98.7,96.5
Bihar,2019,89.7,85.5,100.0,100.0,124.327,100.0,100.0,100.0,100.0,100.0,100.0,100.0,100.0,99.8,99.2,97.6
Bihar,2020,89.5,85.6,100.0,100.0,126.426,100.0,100.0,100.0,100.0,100.0,100.0,100.0,99.9,99.8,99.6,98.6
Bihar,2021,89.3,85.6,100.0,100.0,126.426,100.0,100.0,100.0,100.0,100.0,100.0,100.0,100.0,99.9,99.7,98.9
Chandigarh,1998,31.3,31.2,100.0,100.0,0.623,100.0,100.0,100.0,100.0,77.1,0.0,0.0,0.0,0.0,0.0,0.0
Chandigarh,1999,31.0,30.8,100.0,100.0,0.623,100.0,100.0,100.0,100.0,72.4,0.0,0.0,0.0,0.0,0.0,0.0
Chandigarh,2000,36.5,36.4,100.0,100.0,0.623,100.0,100.0,100.0,100.0,100.0,78.9,0.0,0.0,0.0,0.0,0.0
Chandigarh,2001,38.8,38.7,100.0,100.0,0.634,100.0,100.0,100.0,100.0,100.0,100.0,26.2,0.0,0.0,0.0,0.0
Chandigarh,2002,38.0,37.9,100.0,100.0,0.644,100.0,100.0,100.0,100.0,100.0,100.0,8.3,0.0,0.0,0.0,0.0
Chandigarh,2003,41.0,40.9,100.0,100.0,0.655,100.0,100.0,100.0,100.0,100.0,100.0,72.4,0.0,0.0,0.0,0.0
Chandigarh,2004,43.3,43.2,100.0,100.0,0.666,100.0,100.0,100.0,100.0,100.0,100.0,100.0,15.0,0.0,0.0,0.0
Chandigarh,2005,40.0,39.9,100.0,100.0,0.676,100.0,100.0,100.0,100.0,100.0,100.0,50.6,0.0,0.0,0.0,0.0
Chandigarh,2006,42.5,42.4,100.0,100.0,0.686,100.0,100.0,100.0,100.0,100.0,100.0,92.3,6.4,0.0,0.0,0.0
Chandigarh,2007,42.0,41.9,100.0,100.0,0.696,100.0,100.0,100.0,100.0,100.0,100.0,85.9,2.6,0.0,0.0,0.0
Chandigarh,2008,47.7,47.6,100.0,100.0,0.706,100.0,100.0,100.0,100.0,100.0,100.0,100.0,91.3,16.7,0.0,0.0
Chandigarh,2009,43.0,42.9,100.0,100.0,0.716,100.0,100.0,100.0,100.0,100.0,100.0,99.7,17.5,0.0,0.0,0.0
Chandigarh,2010,49.6,49.4,100.0,100.0,0.726,100.0,100.0,100.0,100.0,100.0,100.0,100.0,100.0,44.0,0.0,0.0
Chandigarh,2011,49.8,49.6,100.0,100.0,0.735,100.0,100.0,100.0,100.0,100.0,100.0,100.0,99.7,48.7,0.0,0.0
Chandigarh,2012,49.6,49.5,100.0,100.0,0.744,100.0,100.0,100.0,100.0,100.0,100.0,100.0,100.0,45.8,0.0,0.0
Chandigarh,2013,49.1,49.0,100.0,100.0,0.753,100.0,100.0,100.0,100.0,100.0,100.0,100.0,97.4,41.2,0.0,0.0
Chandigarh,2014,49.5,49.4,100.0,100.0,0.762,100.0,100.0,100.0,100.0,100.0,100.0,100.0,98.4,42.1,0.0,0.0
Chandigarh,2015,50.9,50.8,100.0,100.0,0.771,100.0,100.0,100.0,100.0,100.0,100.0,100.0,100.0,64.7,1.7,0.0
Chandigarh,2016,56.3,56.1,100.0,100.0,0.779,100.0,100.0,100.0,100.0,100.0,100.0,100.0,100.0,100.0,68.3,7.4
Chandigarh,2017,49.9,49.8,100.0,100.0,0.787,100.0,100.0,100.0,100.0,100.0,100.0,100.0,100.0,45.8,1.7,0.0
Chandigarh,2018,53.1,53.0,100.0,100.0,0.796,100.0,100.0,100.0,100.0,100.0,100.0,100.0,100.0,91.3,28.0,0.0
Chandigarh,2019,48.0,47.8,100.0,100.0,0.804,100.0,100.0,100.0,100.0,100.0,100.0,100.0,88.3,26.1,0.0,0.0
Chandigarh,2020,49.7,49.5,100.0,100.0,0.812,100.0,100.0,100.0,100.0,100.0,100.0,100.0,98.1,48.7,0.0,0.0
Chandigarh,2021,53.4,53.3,100.0,100.0,0.812,100.0,100.0,100.0,100.0,100.0,100.0,100.0,100.0,86.8,34.5,0.0
Chhattisgarh,1998,38.3,31.6,100.0,100.0,21.557,100.0,100.0,99.3,85.9,70.6,60.1,48.2,31.5,18.5,7.2,1.5
Chhattisgarh,1999,40.1,33.4,100.0,100.0,21.557,100.0,100.0,100.0,90.4,73.8,63.2,52.3,35.6,22.7,13.8,4.4
Chhattisgarh,2000,38.9,33.0,100.0,100.0,21.557,100.0,100.0,100.0,92.4,75.4,60.9,46.5,29.0,16.8,7.9,1.9
Chhattisgarh,2001,45.1,38.7,100.0,100.0,21.984,100.0,100.0,100.0,98.5,93.2,78.9,63.1,47.1,31.5,20.9,12.8
Chhattisgarh,2002,46.0,39.5,100.0,100.0,22.412,100.0,100.0,100.0,98.9,93.8,81.9,66.2,52.2,35.9,23.0,12.7
Chhattisgarh,2003,46.8,40.9,100.0,100.0,22.840,100.0,100.0,100.0,99.6,95.4,89.4,69.3,52.7,37.5,23.8,13.6
Chhattisgarh,2004,50.1,43.3,100.0,100.0,23.267,100.0,100.0,100.0,99.7,96.1,91.3,76.1,64.1,51.7,35.6,22.4
Chhattisgarh,2005,48.0,41.5,100.0,100.0,23.695,100.0,100.0,100.0,99.5,95.6,86.7,71.0,58.5,41.5,27.7,17.8
Chhattisgarh,2006,49.4,42.7,100.0,100.0,24.112,100.0,100.0,100.0,99.7,96.3,89.9,73.1,62.5,47.3,32.1,21.0
Chhattisgarh,2007,53.7,46.4,100.0,100.0,24.530,100.0,100.0,100.0,100.0,98.6,94.4,86.9,70.5,60.5,44.7,30.8
Chhattisgarh,2008,56.2,48.4,100.0,100.0,24.947,100.0,100.0,100.0,100.0,99.1,95.0,90.8,77.4,65.0,55.5,39.1
Chhattisgarh,2009,55.3,47.5,100.0,100.0,25.364,100.0,100.0,100.0,100.0,99.0,94.5,88.5,74.8,63.4,54.1,39.4
Chhattisgarh,2010,52.3,44.8,100.0,100.0,25.782,100.0,100.0,100.0,100.0,97.6,92.9,82.7,66.5,56.6,41.0,28.1
Chhattisgarh,2011,58.7,50.5,100.0,100.0,26.177,100.0,100.0,100.0,100.0,99.9,97.6,93.1,84.4,70.0,59.5,48.8
Chhattisgarh,2012,53.8,46.1,100.0,100.0,26.573,100.0,100.0,100.0,100.0,99.1,94.1,86.8,71.6,59.5,47.6,32.8
Chhattisgarh,2013,57.7,49.5,100.0,100.0,26.969,100.0,100.0,100.0,100.0,99.7,96.7,92.4,83.6,69.8,59.1,45.8
Chhattisgarh,2014,57.9,49.5,100.0,100.0,27.365,100.0,100.0,100.0,100.0,99.8,96.5,91.4,80.7,67.7,59.4,50.7
Chhattisgarh,2015,57.9,50.0,100.0,100.0,27.761,100.0,100.0,100.0,100.0,99.8,97.1,93.0,82.8,68.9,61.0,48.7
Chhattisgarh,2016,57.6,48.9,100.0,100.0,28.153,100.0,100.0,100.0,100.0,99.4,95.8,91.2,77.7,66.4,57.8,46.6
Chhattisgarh,2017,57.2,48.6,100.0,100.0,28.545,100.0,100.0,100.0,100.0,99.3,95.6,90.1,75.4,65.5,57.3,47.7
Chhattisgarh,2018,57.9,48.9,100.0,100.0,28.937,100.0,100.0,100.0,100.0,99.4,96.3,87.6,73.7,66.1,57.9,49.2
Chhattisgarh,2019,59.0,49.7,100.0,100.0,29.328,100.0,100.0,100.0,100.0,99.4,95.6,90.2,80.7,68.0,59.7,50.1
Chhattisgarh,2020,63.0,52.3,100.0,100.0,29.720,100.0,100.0,100.0,100.0,99.6,96.6,92.5,84.0,70.5,62.7,55.7
Chhattisgarh,2021,65.2,54.4,100.0,100.0,29.720,100.0,100.0,100.0,100.0,100.0,98.3,94.2,87.2,73.4,66.3,60.9
Dadra and Nagar Haveli,1998,18.5,18.6,100.0,100.0,0.238,100.0,100.0,100.0,0.0,0.0,0.0,0.0,0.0,0.0,0.0,0.0
Dadra and Nagar Haveli,1999,18.4,18.5,100.0,100.0,0.238,100.0,100.0,100.0,0.0,0.0,0.0,0.0,0.0,0.0,0.0,0.0
Dadra and Nagar Haveli,2000,21.9,22.0,100.0,100.0,0.238,100.0,100.0,100.0,0.0,0.0,0.0,0.0,0.0,0.0,0.0,0.0
Dadra and Nagar Haveli,2001,23.3,23.5,100.0,100.0,0.249,100.0,100.0,100.0,5.5,0.0,0.0,0.0,0.0,0.0,0.0,0.0
Dadra and Nagar Haveli,2002,24.2,24.3,100.0,100.0,0.259,100.0,100.0,100.0,14.6,0.0,0.0,0.0,0.0,0.0,0.0,0.0
Dadra and Nagar Haveli,2003,26.9,27.1,100.0,100.0,0.270,100.0,100.0,100.0,98.1,1.5,0.0,0.0,0.0,0.0,0.0,0.0
Dadra and Nagar Haveli,2004,26.8,26.9,100.0,100.0,0.281,100.0,100.0,100.0,97.6,0.0,0.0,0.0,0.0,0.0,0.0,0.0
Dadra and Nagar Haveli,2005,26.6,26.7,100.0,100.0,0.292,100.0,100.0,100.0,96.0,0.0,0.0,0.0,0.0,0.0,0.0,0.0
Dadra and Nagar Haveli,2006,28.1,28.2,100.0,100.0,0.304,100.0,100.0,100.0,99.9,5.9,0.0,0.0,0.0,0.0,0.0,0.0
Dadra and Nagar Haveli,2007,28.3,28.4,100.0,100.0,0.317,100.0,100.0,100.0,99.9,8.1,0.0,0.0,0.0,0.0,0.0,0.0
Dadra and Nagar Haveli,2008,30.1,30.2,100.0,100.0,0.329,100.0,100.0,100.0,100.0,54.8,0.0,0.0,0.0,0.0,0.0,0.0
Dadra and Nagar Haveli,2009,28.9,29.0,100.0,100.0,0.342,100.0,100.0,100.0,100.0,15.3,0.0,0.0,0.0,0.0,0.0,0.0
Dadra and Nagar Haveli,2010,29.6,29.7,100.0,100.0,0.354,100.0,100.0,100.0,100.0,31.8,0.0,0.0,0.0,0.0,0.0,0.0
Dadra and Nagar Haveli,2011,31.3,31.4,100.0,100.0,0.369,100.0,100.0,100.0,100.0,89.9,0.0,0.0,0.0,0.0,0.0,0.0
Dadra and Nagar Haveli,2012,31.7,31.7,100.0,100.0,0.383,100.0,100.0,100.0,100.0,91.6,0.1,0.0,0.0,0.0,0.0,0.0
Dadra and Nagar Haveli,2013,31.4,31.5,100.0,100.0,0.398,100.0,100.0,100.0,100.0,89.2,0.0,0.0,0.0,0.0,0.0,0.0
Dadra and Nagar Haveli,2014,30.2,30.3,100.0,100.0,0.412,100.0,100.0,100.0,100.0,57.0,0.0,0.0,0.0,0.0,0.0,0.0
Dadra and Nagar Haveli,2015,31.1,31.2,100.0,100.0,0.426,100.0,100.0,100.0,100.0,85.6,0.0,0.0,0.0,0.0,0.0,0.0
Dadra and Nagar Haveli,2016,29.5,29.5,100.0,100.0,0.443,100.0,100.0,100.0,100.0,34.3,0.0,0.0,0.0,0.0,0.0,0.0
Dadra and Nagar Haveli,2017,34.5,34.5,100.0,100.0,0.460,100.0,100.0,100.0,100.0,100.0,35.6,0.0,0.0,0.0,0.0,0.0
Dadra and Nagar Haveli,2018,33.0,33.1,100.0,100.0,0.477,100.0,100.0,100.0,100.0,100.0,4.5,0.0,0.0,0.0,0.0,0.0
Dadra and Nagar Haveli,2019,32.1,32.1,100.0,100.0,0.494,100.0,100.0,100.0,100.0,96.9,0.3,0.0,0.0,0.0,0.0,0.0
Dadra and Nagar Haveli,2020,31.5,31.5,100.0,100.0,0.510,100.0,100.0,100.0,100.0,95.0,0.0,0.0,0.0,0.0,0.0,0.0
Dadra and Nagar Haveli,2021,33.1,33.1,100.0,100.0,0.510,100.0,100.0,100.0,100.0,99.9,3.5,0.0,0.0,0.0,0.0,0.0
Daman and Diu,1998,26.7,26.4,98.0,97.4,0.094,100.0,100.0,100.0,33.7,33.7,29.8,0.0,0.0,0.0,0.0,0.0
Daman and Diu,1999,25.9,25.7,98.0,97.4,0.094,100.0,100.0,100.0,33.7,33.7,3.2,0.0,0.0,0.0,0.0,0.0
Daman and Diu,2000,26.7,26.5,98.0,97.4,0.094,100.0,100.0,100.0,33.7,30.6,1.5,0.0,0.0,0.0,0.0,0.0
Daman and Diu,2001,26.1,26.0,97.9,97.4,0.098,100.0,100.0,100.0,32.8,25.6,0.0,0.0,0.0,0.0,0.0,0.0
Daman and Diu,2002,26.3,26.4,97.9,97.4,0.102,100.0,100.0,100.0,32.0,25.0,0.0,0.0,0.0,0.0,0.0,0.0
Daman and Diu,2003,29.8,29.9,97.9,97.4,0.106,100.0,100.0,100.0,100.0,28.4,21.6,0.0,0.0,0.0,0.0,0.0
Daman and Diu,2004,29.0,29.1,97.9,97.4,0.111,100.0,100.0,100.0,100.0,27.8,1.4,0.0,0.0,0.0,0.0,0.0
Daman and Diu,2005,29.2,29.3,97.8,97.4,0.115,100.0,100.0,100.0,100.0,27.2,1.3,0.0,0.0,0.0,0.0,0.0
Daman and Diu,2006,30.1,30.1,97.8,97.4,0.120,100.0,100.0,100.0,100.0,27.6,0.0,0.0,0.0,0.0,0.0,0.0
Daman and Diu,2007,30.7,30.8,97.8,97.4,0.125,100.0,100.0,100.0,100.0,32.0,10.8,0.0,0.0,0.0,0.0,0.0
Daman and Diu,2008,32.6,32.7,97.8,97.4,0.130,100.0,100.0,100.0,100.0,100.0,23.9,0.0,0.0,0.0,0.0,0.0
Daman and Diu,2009,30.7,30.8,97.7,97.4,0.135,100.0,100.0,100.0,100.0,48.2,0.0,0.0,0.0,0.0,0.0,0.0
Daman and Diu,2010,31.0,31.1,97.7,97.4,0.140,100.0,100.0,100.0,100.0,89.7,0.0,0.0,0.0,0.0,0.0,0.0
Daman and Diu,2011,31.7,31.8,97.7,97.4,0.146,100.0,100.0,100.0,100.0,98.7,0.0,0.0,0.0,0.0,0.0,0.0
Daman and Diu,2012,32.3,32.4,97.7,97.4,0.152,100.0,100.0,100.0,100.0,98.7,5.6,0.0,0.0,0.0,0.0,0.0
Daman and Diu,2013,32.7,32.9,97.7,97.4,0.158,100.0,100.0,100.0,100.0,99.5,20.5,0.0,0.0,0.0,0.0,0.0
Daman and Diu,2014,30.8,31.1,97.6,97.4,0.164,100.0,100.0,100.0,100.0,49.5,12.6,0.0,0.0,0.0,0.0,0.0
Daman and Diu,2015,32.9,32.8,97.6,97.4,0.170,100.0,100.0,100.0,100.0,99.5,1.2,0.0,0.0,0.0,0.0,0.0
Daman and Diu,2016,31.8,31.8,97.6,97.4,0.177,100.0,100.0,100.0,99.9,98.0,0.0,0.0,0.0,0.0,0.0,0.0
Daman and Diu,2017,36.0,35.8,97.6,97.4,0.184,100.0,100.0,100.0,100.0,99.6,86.7,0.0,0.0,0.0,0.0,0.0
Daman and Diu,2018,35.6,35.7,97.6,97.4,0.191,100.0,100.0,100.0,100.0,99.9,64.2,0.0,0.0,0.0,0.0,0.0
Daman and Diu,2019,34.7,34.6,97.5,97.4,0.199,100.0,100.0,100.0,100.0,99.6,33.9,0.0,0.0,0.0,0.0,0.0
Daman and Diu,2020,34.1,34.0,97.5,97.4,0.206,100.0,100.0,100.0,100.0,99.6,21.7,0.0,0.0,0.0,0.0,0.0
Daman and Diu,2021,35.2,35.0,97.5,97.4,0.206,100.0,100.0,100.0,100.0,99.6,68.2,0.0,0.0,0.0,0.0,0.0
Goa,1998,22.4,21.9,100.0,99.9,1.374,100.0,100.0,100.0,5.1,0.0,0.0,0.0,0.0,0.0,0.0,0.0
Goa,1999,23.4,22.8,100.0,99.9,1.374,100.0,100.0,100.0,13.4,0.0,0.0,0.0,0.0,0.0,0.0,0.0
Goa,2000,25.2,24.4,100.0,99.9,1.374,100.0,100.0,100.0,61.0,0.0,0.0,0.0,0.0,0.0,0.0,0.0
Goa,2001,24.8,24.7,100.0,99.9,1.385,100.0,100.0,100.0,49.3,0.0,0.0,0.0,0.0,0.0,0.0,0.0
Goa,2002,26.4,26.4,100.0,99.9,1.397,100.0,100.0,100.0,89.8,0.3,0.0,0.0,0.0,0.0,0.0,0.0
Goa,2003,27.9,28.0,100.0,99.9,1.409,100.0,100.0,100.0,98.4,5.2,0.0,0.0,0.0,0.0,0.0,0.0
Goa,2004,26.8,27.1,100.0,99.9,1.420,100.0,100.0,100.0,96.3,3.1,0.0,0.0,0.0,0.0,0.0,0.0
Goa,2005,28.2,28.5,100.0,99.9,1.432,100.0,100.0,100.0,98.5,13.0,0.0,0.0,0.0,0.0,0.0,0.0
Goa,2006,27.3,27.8,100.0,99.9,1.441,100.0,100.0,100.0,96.4,9.1,0.0,0.0,0.0,0.0,0.0,0.0
Goa,2007,31.0,31.4,100.0,99.9,1.450,100.0,100.0,100.0,100.0,71.3,3.1,0.0,0.0,0.0,0.0,0.0
Goa,2008,32.4,32.5,100.0,99.9,1.459,100.0,100.0,100.0,100.0,93.0,9.4,0.0,0.0,0.0,0.0,0.0
Goa,2009,33.6,33.6,100.0,99.9,1.467,100.0,100.0,100.0,100.0,97.5,19.7,0.0,0.0,0.0,0.0,0.0
Goa,2010,30.3,30.1,100.0,99.9,1.476,100.0,100.0,100.0,100.0,62.1,0.1,0.0,0.0,0.0,0.0,0.0
Goa,2011,31.3,30.9,100.0,99.9,1.482,100.0,100.0,100.0,100.0,78.9,2.7,0.0,0.0,0.0,0.0,0.0
Goa,2012,32.4,32.0,100.0,99.9,1.488,100.0,100.0,100.0,100.0,90.2,6.4,0.0,0.0,0.0,0.0,0.0
Goa,2013,29.9,29.2,100.0,99.9,1.493,100.0,100.0,100.0,98.5,55.8,0.1,0.0,0.0,0.0,0.0,0.0
Goa,2014,34.0,33.5,100.0,99.9,1.499,100.0,100.0,100.0,100.0,95.9,35.8,0.0,0.0,0.0,0.0,0.0
Goa,2015,32.8,31.7,100.0,99.9,1.505,100.0,100.0,100.0,99.9,85.4,21.0,0.0,0.0,0.0,0.0,0.0
Goa,2016,32.4,31.9,100.0,99.9,1.508,100.0,100.0,100.0,100.0,88.5,14.4,0.0,0.0,0.0,0.0,0.0
Goa,2017,34.6,34.2,100.0,99.9,1.512,100.0,100.0,100.0,100.0,98.2,46.9,0.1,0.0,0.0,0.0,0.0
Goa,2018,35.8,34.9,100.0,99.9,1.516,100.0,100.0,100.0,100.0,99.1,62.5,3.5,0.0,0.0,0.0,0.0
Goa,2019,30.7,30.1,100.0,99.9,1.519,100.0,100.0,100.0,99.7,61.5,1.6,0.0,0.0,0.0,0.0,0.0
Goa,2020,34.4,33.9,100.0,99.9,1.523,100.0,100.0,100.0,100.0,97.2,37.7,1.0,0.0,0.0,0.0,0.0
Goa,2021,36.1,35.6,100.0,99.9,1.523,100.0,100.0,100.0,100.0,99.5,64.2,7.5,0.0,0.0,0.0,0.0
Gujarat,1998,36.0,36.8,99.8,98.7,51.638,100.0,100.0,100.0,91.3,78.5,51.8,33.6,14.9,3.0,0.0,0.0
Gujarat,1999,36.2,36.6,99.8,98.7,51.638,100.0,100.0,99.9,91.1,77.5,51.0,32.2,20.4,5.3,0.0,0.0
Gujarat,2000,36.3,37.9,99.8,98.7,51.638,100.0,100.0,100.0,93.5,82.8,54.3,32.6,14.3,0.6,0.0,0.0
Gujarat,2001,37.7,39.9,99.8,98.7,52.607,100.0,100.0,100.0,94.7,82.1,58.0,36.8,23.3,7.4,0.6,0.0
Gujarat,2002,39.2,42.4,99.8,98.7,53.576,100.0,100.0,100.0,95.8,86.4,65.3,41.4,27.8,12.5,5.2,0.7
Gujarat,2003,42.1,44.2,99.8,98.7,54.544,100.0,100.0,100.0,99.7,93.7,82.7,51.5,35.5,23.8,6.9,0.3
Gujarat,2004,42.5,45.2,99.8,98.7,55.513,100.0,100.0,100.0,99.8,93.4,81.8,54.0,37.1,25.6,8.8,0.8
Gujarat,2005,41.3,43.0,99.8,98.7,56.481,100.0,100.0,100.0,99.6,92.3,78.3,51.4,32.7,21.0,2.2,0.1
Gujarat,2006,42.7,44.1,99.8,98.7,57.420,100.0,100.0,100.0,99.9,94.2,82.8,60.0,35.5,24.2,8.4,0.2
Gujarat,2007,41.2,42.0,99.8,98.7,58.359,100.0,100.0,100.0,99.9,94.9,80.8,58.0,29.7,13.0,0.3,0.0
Gujarat,2008,44.5,45.7,99.8,98.7,59.298,100.0,100.0,100.0,100.0,98.2,90.6,73.9,43.8,24.9,8.5,0.2
Gujarat,2009,42.2,43.3,99.8,98.7,60.237,100.0,100.0,100.0,100.0,95.7,83.9,63.8,32.9,19.0,0.9,0.1
Gujarat,2010,42.5,43.3,99.8,98.7,61.176,100.0,100.0,100.0,99.9,96.4,82.8,61.7,35.6,21.9,3.5,0.1
Gujarat,2011,42.9,43.5,99.8,98.7,62.061,100.0,100.0,100.0,100.0,97.8,86.6,66.7,37.5,20.1,1.6,0.0
Gujarat,2012,45.9,47.1,99.8,98.7,62.946,100.0,100.0,100.0,100.0,98.7,88.8,75.6,51.7,34.0,19.9,1.5
Gujarat,2013,44.5,45.9,99.8,98.7,63.831,100.0,100.0,100.0,100.0,99.1,92.0,77.3,41.7,24.9,4.5,0.2
Gujarat,2014,44.3,45.0,99.8,98.7,64.716,100.0,100.0,100.0,100.0,96.6,87.9,74.7,45.0,23.8,9.5,0.1
Gujarat,2015,44.3,45.7,99.8,98.7,65.601,100.0,100.0,100.0,100.0,98.3,89.7,73.2,41.1,23.8,9.8,0.5
Gujarat,2016,41.8,42.6,99.8,98.7,66.475,100.0,100.0,100.0,99.9,95.8,84.0,58.9,32.4,13.9,1.6,0.1
Gujarat,2017,47.4,47.1,99.8,98.7,67.349,100.0,100.0,100.0,100.0,99.6,94.3,82.6,66.1,32.3,15.6,9.3
Gujarat,2018,47.4,48.5,99.8,98.7,68.223,100.0,100.0,100.0,100.0,99.9,95.0,84.2,61.7,33.9,19.5,4.8
Gujarat,2019,49.1,48.5,99.8,98.7,69.097,100.0,100.0,100.0,100.0,99.6,94.4,86.6,73.4,44.0,21.8,11.0
Gujarat,2020,46.6,46.2,99.8,98.7,69.971,100.0,100.0,100.0,100.0,99.7,94.4,85.0,59.2,27.6,11.9,4.3
Gujarat,2021,48.9,47.9,99.8,98.7,69.971,100.0,100.0,100.0,100.0,99.9,95.5,87.7,71.9,43.4,19.2,10.3
Haryana,1998,56.1,53.5,100.0,100.0,21.458,100.0,100.0,100.0,99.7,98.1,97.0,95.7,82.4,64.5,47.2,32.8
Haryana,1999,57.4,54.9,100.0,100.0,21.458,100.0,100.0,100.0,99.8,98.2,97.2,96.1,88.3,70.8,52.7,40.1
Haryana,2000,63.7,61.0,100.0,100.0,21.458,100.0,100.0,100.0,100.0,99.9,98.3,97.5,96.0,87.3,73.8,54.7
Haryana,2001,67.7,64.9,100.0,100.0,21.867,100.0,100.0,100.0,100.0,100.0,98.7,97.2,95.1,85.7,82.3,64.2
Haryana,2002,70.5,67.6,100.0,100.0,22.276,100.0,100.0,100.0,100.0,100.0,98.9,97.7,96.3,93.0,85.9,80.3
Haryana,2003,79.4,76.0,100.0,100.0,22.685,100.0,100.0,100.0,100.0,100.0,99.9,98.1,97.1,94.9,88.3,85.8
Haryana,2004,77.8,74.6,100.0,100.0,23.094,100.0,100.0,100.0,100.0,100.0,100.0,98.7,97.6,96.2,94.2,88.3
Haryana,2005,74.9,71.6,100.0,100.0,23.503,100.0,100.0,100.0,100.0,100.0,99.0,97.6,96.2,94.2,88.3,84.4
Haryana,2006,73.2,70.6,100.0,100.0,23.906,100.0,100.0,100.0,100.0,100.0,99.8,98.3,97.1,95.8,93.2,86.9
Haryana,2007,79.9,76.8,100.0,100.0,24.310,100.0,100.0,100.0,100.0,100.0,99.8,98.3,97.2,96.0,94.1,89.0
Haryana,2008,85.5,81.0,100.0,100.0,24.714,100.0,100.0,100.0,100.0,100.0,100.0,99.7,98.5,97.7,96.9,95.9
Haryana,2009,80.6,77.1,100.0,100.0,25.117,100.0,100.0,100.0,100.0,100.0,100.0,98.7,97.6,96.4,94.5,91.3
Haryana,2010,93.6,88.4,100.0,100.0,25.521,100.0,100.0,100.0,100.0,100.0,100.0,99.9,98.7,97.5,96.4,95.2
Haryana,2011,95.7,90.0,100.0,100.0,25.912,100.0,100.0,100.0,100.0,100.0,100.0,99.9,98.7,98.1,97.3,96.4
Haryana,2012,86.7,82.7,100.0,100.0,26.303,100.0,100.0,100.0,100.0,100.0,100.0,99.6,98.5,97.6,96.6,94.6
Haryana,2013,87.0,82.3,100.0,100.0,26.694,100.0,100.0,100.0,100.0,100.0,100.0,99.5,98.6,97.9,97.0,95.9
Haryana,2014,84.6,80.5,100.0,100.0,27.085,100.0,100.0,100.0,100.0,100.0,100.0,99.6,98.6,97.9,96.8,95.4
Haryana,2015,86.3,82.5,100.0,100.0,27.477,100.0,100.0,100.0,100.0,100.0,100.0,100.0,99.0,98.3,97.6,96.5
Haryana,2016,90.6,85.3,100.0,100.0,27.876,100.0,100.0,100.0,100.0,100.0,100.0,100.0,99.9,99.2,98.4,97.6
Haryana,2017,90.1,85.2,100.0,100.0,28.276,100.0,100.0,100.0,100.0,100.0,100.0,100.0,99.1,97.9,96.9,95.8
Haryana,2018,93.2,87.8,100.0,100.0,28.676,100.0,100.0,100.0,100.0,100.0,100.0,100.0,99.6,98.4,97.7,96.6
Haryana,2019,95.6,90.1,100.0,100.0,29.076,100.0,100.0,100.0,100.0,100.0,100.0,99.7,98.5,97.8,96.6,95.3
Haryana,2020,87.3,82.4,100.0,100.0,29.476,100.0,100.0,100.0,100.0,100.0,100.0,99.7,98.5,97.8,96.8,95.7
Haryana,2021,99.4,93.9,100.0,100.0,29.476,100.0,100.0,100.0,100.0,100.0,100.0,100.0,99.4,98.3,97.3,96.4
Himachal Pradesh,1998,22.4,19.2,100.0,100.0,6.309,100.0,99.9,99.0,22.0,3.8,0.1,0.0,0.0,0.0,0.0,0.0
Himachal Pradesh,1999,22.2,19.8,100.0,100.0,6.309,100.0,100.0,99.6,17.9,2.8,0.0,0.0,0.0,0.0,0.0,0.0
Himachal Pradesh,2000,28.3,26.5,100.0,100.0,6.309,100.0,100.0,100.0,75.3,33.2,7.9,0.7,0.0,0.0,0.0,0.0
Himachal Pradesh,2001,29.6,26.8,100.0,100.0,6.397,100.0,100.0,99.9,86.4,44.1,9.1,1.1,0.0,0.0,0.0,0.0
Himachal Pradesh,2002,29.5,26.5,100.0,100.0,6.484,100.0,100.0,100.0,82.2,46.0,11.1,3.0,0.1,0.0,0.0,0.0
Himachal Pradesh,2003,30.1,26.7,100.0,100.0,6.571,100.0,100.0,100.0,84.1,46.6,15.4,5.2,1.3,0.0,0.0,0.0
Himachal Pradesh,2004,30.7,27.8,100.0,100.0,6.658,100.0,100.0,100.0,87.1,52.0,18.2,6.2,1.3,0.0,0.0,0.0
Himachal Pradesh,2005,27.0,24.0,100.0,100.0,6.746,100.0,100.0,99.9,60.7,24.1,10.3,2.0,0.1,0.0,0.0,0.0
Himachal Pradesh,2006,27.9,24.2,100.0,100.0,6.824,100.0,100.0,99.9,69.1,27.1,11.2,4.0,0.5,0.0,0.0,0.0
Himachal Pradesh,2007,27.9,24.5,100.0,100.0,6.902,100.0,100.0,99.9,68.3,25.5,12.0,3.9,0.4,0.0,0.0,0.0
Himachal Pradesh,2008,30.3,25.9,100.0,100.0,6.980,100.0,100.0,99.9,80.3,40.5,22.2,10.2,3.6,0.4,0.0,0.0
Himachal Pradesh,2009,28.8,25.5,100.0,100.0,7.058,100.0,100.0,100.0,70.4,34.2,17.3,6.8,1.7,0.1,0.0,0.0
Himachal Pradesh,2010,30.0,25.2,100.0,100.0,7.135,100.0,100.0,99.9,79.3,39.3,21.3,9.8,2.7,0.6,0.0,0.0
Himachal Pradesh,2011,31.0,26.4,100.0,100.0,7.202,100.0,100.0,99.9,87.6,41.5,22.8,11.6,5.1,1.3,0.0,0.0
Himachal Pradesh,2012,30.7,27.2,100.0,100.0,7.268,100.0,100.0,100.0,84.8,43.5,22.1,10.9,3.7,0.8,0.0,0.0
Himachal Pradesh,2013,30.6,26.6,100.0,100.0,7.334,100.0,100.0,100.0,96.1,39.3,19.8,8.8,2.8,0.2,0.0,0.0
Himachal Pradesh,2014,31.5,27.9,100.0,100.0,7.400,100.0,100.0,100.0,96.3,51.7,21.4,9.9,3.7,0.2,0.0,0.0
Himachal Pradesh,2015,32.1,27.7,100.0,100.0,7.466,100.0,100.0,100.0,97.0,48.2,24.5,13.7,6.1,2.4,0.0,0.0
Himachal Pradesh,2016,37.4,32.5,100.0,100.0,7.525,100.0,100.0,100.0,99.8,96.4,51.0,26.3,15.4,7.1,2.3,0.0
Himachal Pradesh,2017,32.3,28.0,100.0,100.0,7.584,100.0,100.0,100.0,95.6,55.2,25.2,13.8,5.6,1.3,0.0,0.0
Himachal Pradesh,2018,33.9,29.4,100.0,100.0,7.644,100.0,100.0,100.0,98.6,69.5,31.6,18.0,8.5,3.4,0.2,0.0
Himachal Pradesh,2019,29.7,25.1,100.0,100.0,7.703,100.0,100.0,99.9,85.9,32.9,17.7,8.5,2.7,0.0,0.0,0.0
Himachal Pradesh,2020,31.0,26.5,100.0,100.0,7.762,100.0,100.0,100.0,89.3,40.6,23.0,12.2,4.1,1.1,0.0,0.0
Himachal Pradesh,2021,34.1,29.8,100.0,100.0,7.762,100.0,100.0,100.0,99.6,75.1,30.9,17.4,7.6,2.2,0.0,0.0
Jammu and Kashmir,1998,28.1,14.7,100.0,100.0,10.289,99.7,98.6,97.6,72.4,36.5,11.0,3.1,0.0,0.0,0.0,0.0
Jammu and Kashmir,1999,28.7,15.9,100.0,100.0,10.289,100.0,98.9,97.9,77.3,42.4,12.1,2.8,0.0,0.0,0.0,0.0
Jammu and Kashmir,2000,33.1,18.4,100.0,100.0,10.289,100.0,99.1,98.3,91.5,77.7,39.4,8.9,1.9,0.0,0.0,0.0
Jammu and Kashmir,2001,36.7,19.3,100.0,100.0,10.523,99.8,99.1,98.5,96.2,87.7,65.8,32.0,5.8,1.6,0.0,0.0
Jammu and Kashmir,2002,36.7,19.8,100.0,100.0,10.756,100.0,99.2,98.6,96.4,88.9,69.7,29.4,5.0,0.3,0.0,0.0
Jammu and Kashmir,2003,32.9,17.5,100.0,100.0,10.990,99.7,99.1,98.4,92.0,71.0,36.2,10.1,1.8,0.0,0.0,0.0
Jammu and Kashmir,2004,33.5,18.1,100.0,100.0,11.224,99.8,99.1,98.6,94.0,76.0,44.1,10.0,1.0,0.0,0.0,0.0
Jammu and Kashmir,2005,30.4,16.3,100.0,100.0,11.458,99.6,99.0,98.3,85.7,54.3,18.7,6.7,1.1,0.0,0.0,0.0
Jammu and Kashmir,2006,32.2,16.1,100.0,100.0,11.693,99.5,98.9,98.2,87.9,64.6,36.3,10.2,0.3,0.0,0.0,0.0
Jammu and Kashmir,2007,37.3,18.4,100.0,100.0,11.928,99.5,99.0,98.5,96.9,87.0,67.3,38.3,9.0,1.8,0.0,0.0
Jammu and Kashmir,2008,34.7,17.1,100.0,100.0,12.162,99.5,99.0,98.3,95.0,78.7,47.6,17.7,8.1,3.7,0.1,0.0
Jammu and Kashmir,2009,32.1,16.7,100.0,100.0,12.397,99.6,99.1,98.4,91.7,65.7,27.5,10.1,4.8,1.4,0.0,0.0
Jammu and Kashmir,2010,34.8,17.3,100.0,100.0,12.632,99.5,99.0,98.5,96.3,77.4,50.3,15.7,6.3,2.9,0.5,0.0
Jammu and Kashmir,2011,35.2,17.4,100.0,100.0,12.863,99.5,99.1,98.5,94.8,79.8,54.4,21.6,7.9,2.3,0.2,0.0
Jammu and Kashmir,2012,34.2,17.9,100.0,100.0,13.094,99.7,99.2,98.6,93.3,76.0,43.2,16.2,7.1,3.4,1.0,0.0
Jammu and Kashmir,2013,33.0,17.2,100.0,100.0,13.324,99.6,99.1,98.5,91.9,69.2,35.2,12.2,5.1,2.3,0.0,0.0
Jammu and Kashmir,2014,36.3,18.5,100.0,100.0,13.555,99.7,99.2,98.6,96.1,84.9,57.8,23.9,11.2,5.7,2.6,0.0
Jammu and Kashmir,2015,34.7,17.4,100.0,100.0,13.786,99.6,99.1,98.4,89.9,73.1,48.1,22.0,10.9,5.0,1.4,0.0
Jammu and Kashmir,2016,46.8,22.9,100.0,100.0,14.020,99.7,99.2,99.0,98.0,96.7,90.3,76.5,59.0,39.7,21.9,6.1
Jammu and Kashmir,2017,37.1,18.9,100.0,100.0,14.255,99.7,99.2,98.6,96.3,88.3,67.4,30.2,10.2,4.1,1.5,0.0
Jammu and Kashmir,2018,36.9,19.0,100.0,100.0,14.489,99.7,99.2,98.7,96.5,88.4,64.0,27.1,10.5,4.6,2.1,0.0
Jammu and Kashmir,2019,33.0,16.3,100.0,100.0,14.724,99.5,99.0,98.4,88.7,67.8,39.9,15.3,4.9,1.0,0.0,0.0
Jammu and Kashmir,2020,32.8,16.6,100.0,100.0,14.959,99.6,99.1,98.4,92.6,66.3,32.4,11.8,5.8,3.3,1.4,0.0
Jammu and Kashmir,2021,37.9,18.7,100.0,100.0,14.959,99.6,99.2,98.7,96.3,87.7,64.3,38.1,15.8,6.6,3.2,1.8
Jharkhand,1998,35.1,32.7,100.0,100.0,27.804,100.0,100.0,99.9,95.1,77.6,50.2,23.7,6.6,0.1,0.0,0.0
Jharkhand,1999,36.2,34.1,100.0,100.0,27.804,100.0,100.0,100.0,97.1,83.0,60.2,26.3,8.3,0.1,0.0,0.0
Jharkhand,2000,38.9,36.4,100.0,100.0,27.804,100.0,100.0,100.0,99.2,93.2,73.7,43.7,17.6,1.3,0.0,0.0
Jharkhand,2001,44.7,42.5,100.0,100.0,28.408,100.0,100.0,100.0,100.0,99.6,97.5,78.8,48.9,19.4,1.0,0.0
Jharkhand,2002,45.6,43.6,100.0,100.0,29.011,100.0,100.0,100.0,100.0,99.8,98.0,83.6,53.6,23.0,6.5,0.0
Jharkhand,2003,47.1,45.3,100.0,100.0,29.614,100.0,100.0,100.0,100.0,99.8,99.4,89.7,63.0,30.5,11.4,0.1
Jharkhand,2004,49.0,47.0,100.0,100.0,30.218,100.0,100.0,100.0,100.0,99.8,99.4,95.1,74.5,42.0,18.3,2.9
Jharkhand,2005,45.3,43.5,100.0,100.0,30.821,100.0,100.0,100.0,100.0,99.7,96.3,81.1,50.0,25.2,5.5,0.0
Jharkhand,2006,50.1,47.4,100.0,100.0,31.418,100.0,100.0,100.0,100.0,99.7,99.0,90.2,74.7,53.2,28.0,7.8
Jharkhand,2007,51.9,49.7,100.0,100.0,32.015,100.0,100.0,100.0,100.0,99.9,99.6,98.2,85.5,56.0,30.9,14.7
Jharkhand,2008,59.0,56.4,100.0,100.0,32.612,100.0,100.0,100.0,100.0,100.0,99.8,99.4,98.3,89.2,67.1,43.2
Jharkhand,2009,55.9,53.0,100.0,100.0,33.209,100.0,100.0,100.0,100.0,99.9,99.7,98.9,89.2,74.5,53.5,31.4
Jharkhand,2010,51.2,48.8,100.0,100.0,33.805,100.0,100.0,100.0,100.0,99.8,99.4,97.4,78.3,51.6,33.0,13.8
Jharkhand,2011,63.9,61.0,100.0,100.0,34.380,100.0,100.0,100.0,100.0,100.0,100.0,99.8,99.3,95.6,87.0,73.3
Jharkhand,2012,58.6,56.0,100.0,100.0,34.954,100.0,100.0,100.0,100.0,100.0,99.8,99.5,98.0,83.4,62.4,42.5
Jharkhand,2013,62.5,59.6,100.0,100.0,35.529,100.0,100.0,100.0,100.0,100.0,100.0,99.7,98.9,91.7,81.0,59.2
Jharkhand,2014,57.8,55.1,100.0,100.0,36.103,100.0,100.0,100.0,100.0,100.0,99.8,99.5,96.6,77.7,55.8,39.0
Jharkhand,2015,58.9,56.0,100.0,100.0,36.677,100.0,100.0,100.0,100.0,100.0,99.8,99.4,94.4,82.9,68.2,44.5
Jharkhand,2016,60.9,58.3,100.0,100.0,37.251,100.0,100.0,100.0,100.0,100.0,99.8,99.4,97.8,90.2,74.8,52.6
Jharkhand,2017,57.4,54.5,100.0,100.0,37.824,100.0,100.0,100.0,100.0,99.9,99.7,98.9,91.0,77.0,56.4,40.0
Jharkhand,2018,56.5,53.3,100.0,100.0,38.397,100.0,100.0,100.0,100.0,99.9,99.6,98.4,87.8,74.3,56.0,35.7
Jharkhand,2019,61.1,58.5,100.0,100.0,38.970,100.0,100.0,100.0,100.0,100.0,99.9,99.6,98.9,92.2,78.6,54.5
Jharkhand,2020,63.9,60.8,100.0,100.0,39.544,100.0,100.0,100.0,100.0,100.0,99.8,99.6,98.8,93.3,83.2,64.1
Jharkhand,2021,66.0,62.9,100.0,100.0,39.544,100.0,100.0,100.0,100.0,100.0,99.9,99.7,99.1,96.6,86.9,69.8
Karnataka,1998,17.0,16.6,100.0,99.9,54.029,100.0,93.7,76.1,0.5,0.0,0.0,0.0,0.0,0.0,0.0,0.0
Karnataka,1999,18.0,17.7,100.0,99.9,54.029,100.0,97.9,83.4,1.0,0.0,0.0,0.0,0.0,0.0,0.0,0.0
Karnataka,2000,19.9,19.6,100.0,99.9,54.029,100.0,99.6,89.9,10.4,0.0,0.0,0.0,0.0,0.0,0.0,0.0
Karnataka,2001,23.0,22.1,100.0,99.9,54.844,100.0,100.0,95.1,40.7,4.3,0.0,0.0,0.0,0.0,0.0,0.0
Karnataka,2002,24.2,23.4,100.0,99.9,55.659,100.0,100.0,97.8,47.1,6.0,0.0,0.0,0.0,0.0,0.0,0.0
Karnataka,2003,25.2,24.5,100.0,99.9,56.475,100.0,100.0,98.4,56.9,9.3,0.0,0.0,0.0,0.0,0.0,0.0
Karnataka,2004,25.9,24.7,100.0,99.9,57.290,100.0,100.0,98.6,59.9,19.7,3.2,0.0,0.0,0.0,0.0,0.0
Karnataka,2005,27.3,26.2,100.0,99.9,58.105,100.0,100.0,98.0,71.8,34.8,5.0,0.0,0.0,0.0,0.0,0.0
Karnataka,2006,27.4,26.3,100.0,99.9,58.880,100.0,100.0,99.2,70.1,35.6,4.8,0.0,0.0,0.0,0.0,0.0
Karnataka,2007,28.9,27.9,100.0,99.9,59.655,100.0,100.0,99.3,80.9,45.4,8.6,0.3,0.0,0.0,0.0,0.0
Karnataka,2008,29.0,27.8,100.0,99.9,60.429,100.0,100.0,99.6,78.2,46.8,11.0,1.4,0.0,0.0,0.0,0.0
Karnataka,2009,29.9,28.9,100.0,99.9,61.204,100.0,100.0,99.9,82.2,55.2,15.1,1.7,0.0,0.0,0.0,0.0
Karnataka,2010,29.6,28.4,100.0,99.9,61.978,100.0,100.0,99.7,80.7,52.1,14.5,1.8,0.0,0.0,0.0,0.0
Karnataka,2011,30.3,28.8,100.0,99.9,62.695,100.0,100.0,99.7,81.5,58.0,19.3,4.5,0.0,0.0,0.0,0.0
Karnataka,2012,29.6,28.2,100.0,99.9,63.412,100.0,100.0,99.8,82.6,51.9,14.3,1.9,0.0,0.0,0.0,0.0
Karnataka,2013,28.0,26.5,100.0,99.9,64.129,100.0,100.0,99.3,70.6,39.6,7.9,1.3,0.0,0.0,0.0,0.0
Karnataka,2014,30.9,29.7,100.0,99.9,64.846,100.0,100.0,99.9,87.6,60.1,21.8,3.4,0.1,0.0,0.0,0.0
Karnataka,2015,28.6,27.3,100.0,99.9,65.563,100.0,100.0,99.9,77.9,39.4,9.5,1.4,0.0,0.0,0.0,0.0
Karnataka,2016,28.1,26.7,100.0,99.9,66.273,100.0,100.0,100.0,70.0,38.6,9.4,1.6,0.0,0.0,0.0,0.0
Karnataka,2017,31.6,30.0,100.0,99.9,66.983,100.0,100.0,100.0,86.4,63.6,28.1,6.6,1.3,0.0,0.0,0.0
Karnataka,2018,31.2,29.5,100.0,99.9,67.694,100.0,100.0,100.0,85.2,60.1,24.3,6.3,0.4,0.0,0.0,0.0
Karnataka,2019,27.5,26.3,100.0,99.9,68.404,100.0,100.0,98.9,71.9,32.5,6.9,0.4,0.0,0.0,0.0,0.0
Karnataka,2020,29.4,28.1,100.0,99.9,69.114,100.0,100.0,99.3,82.0,42.3,13.8,4.6,0.3,0.0,0.0,0.0
Karnataka,2021,30.8,29.6,100.0,99.9,69.114,100.0,100.0,100.0,86.8,53.8,20.1,6.3,1.4,0.0,0.0,0.0
Kerala,1998,10.9,9.7,100.0,100.0,31.798,100.0,53.7,11.1,0.0,0.0,0.0,0.0,0.0,0.0,0.0,0.0
Kerala,1999,12.1,10.9,100.0,100.0,31.798,100.0,73.9,22.4,0.0,0.0,0.0,0.0,0.0,0.0,0.0,0.0
Kerala,2000,13.9,12.6,100.0,100.0,31.798,100.0,93.9,36.3,0.0,0.0,0.0,0.0,0.0,0.0,0.0,0.0
Kerala,2001,14.9,14.0,100.0,100.0,31.967,100.0,98.1,44.8,0.0,0.0,0.0,0.0,0.0,0.0,0.0,0.0
Kerala,2002,15.6,14.5,100.0,100.0,32.136,100.0,99.6,56.5,0.0,0.0,0.0,0.0,0.0,0.0,0.0,0.0
Kerala,2003,16.9,15.8,100.0,100.0,32.305,100.0,99.9,72.7,0.0,0.0,0.0,0.0,0.0,0.0,0.0,0.0
Kerala,2004,17.9,16.6,100.0,100.0,32.475,100.0,100.0,80.8,0.3,0.0,0.0,0.0,0.0,0.0,0.0,0.0
Kerala,2005,17.3,16.2,100.0,100.0,32.644,100.0,100.0,73.3,0.8,0.0,0.0,0.0,0.0,0.0,0.0,0.0
Kerala,2006,18.4,17.2,100.0,100.0,32.746,100.0,100.0,85.5,1.1,0.0,0.0,0.0,0.0,0.0,0.0,0.0
Kerala,2007,19.2,17.7,100.0,100.0,32.848,100.0,100.0,91.5,2.6,0.0,0.0,0.0,0.0,0.0,0.0,0.0
Kerala,2008,20.3,18.9,100.0,100.0,32.951,100.0,100.0,95.2,10.2,0.0,0.0,0.0,0.0,0.0,0.0,0.0
Kerala,2009,20.5,18.9,100.0,100.0,33.053,100.0,100.0,95.7,9.0,0.0,0.0,0.0,0.0,0.0,0.0,0.0
Kerala,2010,18.8,17.4,100.0,100.0,33.155,100.0,100.0,90.5,1.0,0.0,0.0,0.0,0.0,0.0,0.0,0.0
Kerala,2011,21.0,19.5,100.0,100.0,33.185,100.0,100.0,96.2,12.6,0.0,0.0,0.0,0.0,0.0,0.0,0.0
Kerala,2012,19.7,18.3,100.0,100.0,33.215,100.0,100.0,94.4,3.9,0.0,0.0,0.0,0.0,0.0,0.0,0.0
Kerala,2013,18.4,17.1,100.0,100.0,33.245,100.0,100.0,91.5,0.0,0.0,0.0,0.0,0.0,0.0,0.0,0.0
Kerala,2014,20.3,19.0,100.0,100.0,33.275,100.0,100.0,95.5,3.1,0.0,0.0,0.0,0.0,0.0,0.0,0.0
Kerala,2015,18.9,17.6,100.0,100.0,33.305,100.0,100.0,93.5,0.0,0.0,0.0,0.0,0.0,0.0,0.0,0.0
Kerala,2016,21.5,19.8,100.0,100.0,33.293,100.0,100.0,97.5,17.4,0.0,0.0,0.0,0.0,0.0,0.0,0.0
Kerala,2017,20.8,19.2,100.0,100.0,33.280,100.0,100.0,95.8,10.7,0.0,0.0,0.0,0.0,0.0,0.0,0.0
Kerala,2018,23.0,21.2,100.0,100.0,33.267,100.0,100.0,98.1,31.4,2.3,0.0,0.0,0.0,0.0,0.0,0.0
Kerala,2019,17.9,16.4,100.0,100.0,33.255,100.0,99.9,86.7,0.1,0.0,0.0,0.0,0.0,0.0,0.0,0.0
Kerala,2020,19.3,17.6,100.0,100.0,33.242,100.0,100.0,90.7,2.6,0.0,0.0,0.0,0.0,0.0,0.0,0.0
Kerala,2021,20.6,19.1,100.0,100.0,33.242,100.0,100.0,96.1,6.0,0.0,0.0,0.0,0.0,0.0,0.0,0.0
Lakshadweep,1998,20.8,20.8,91.0,87.5,0.024,100.0,100.0,100.0,0.0,0.0,0.0,0.0,0.0,0.0,0.0,0.0
Lakshadweep,1999,24.5,24.5,91.0,87.5,0.024,100.0,100.0,100.0,59.8,0.0,0.0,0.0,0.0,0.0,0.0,0.0
Lakshadweep,2000,22.3,22.3,91.0,87.5,0.024,100.0,100.0,100.0,7.9,0.0,0.0,0.0,0.0,0.0,0.0,0.0
Lakshadweep,2001,20.9,20.9,91.0,87.5,0.025,100.0,100.0,100.0,0.0,0.0,0.0,0.0,0.0,0.0,0.0,0.0
Lakshadweep,2002,22.3,22.4,91.0,87.5,0.025,100.0,100.0,100.0,3.2,0.0,0.0,0.0,0.0,0.0,0.0,0.0
Lakshadweep,2003,22.7,22.8,91.0,87.5,0.025,100.0,100.0,100.0,3.2,0.0,0.0,0.0,0.0,0.0,0.0,0.0
Lakshadweep,2004,23.7,23.8,91.0,87.5,0.025,100.0,100.0,100.0,14.9,0.0,0.0,0.0,0.0,0.0,0.0,0.0
Lakshadweep,2005,21.7,21.9,91.0,87.5,0.025,100.0,100.0,100.0,4.6,0.0,0.0,0.0,0.0,0.0,0.0,0.0
Lakshadweep,2006,22.9,23.0,91.0,87.5,0.025,100.0,100.0,100.0,7.9,0.0,0.0,0.0,0.0,0.0,0.0,0.0
Lakshadweep,2007,27.2,27.4,91.0,87.5,0.025,100.0,100.0,100.0,92.1,7.9,0.0,0.0,0.0,0.0,0.0,0.0
Lakshadweep,2008,26.9,27.2,91.0,87.5,0.026,100.0,100.0,100.0,97.2,10.9,0.0,0.0,0.0,0.0,0.0,0.0
Lakshadweep,2009,28.5,28.8,91.0,87.5,0.026,100.0,100.0,100.0,97.2,28.9,0.0,0.0,0.0,0.0,0.0,0.0
Lakshadweep,2010,24.6,25.0,91.0,87.5,0.026,100.0,100.0,100.0,34.1,0.0,0.0,0.0,0.0,0.0,0.0,0.0
Lakshadweep,2011,27.2,27.5,91.0,87.5,0.026,100.0,100.0,100.0,92.1,5.4,0.0,0.0,0.0,0.0,0.0,0.0
Lakshadweep,2012,24.4,24.9,91.0,87.5,0.026,100.0,100.0,100.0,31.1,0.0,0.0,0.0,0.0,0.0,0.0,0.0
Lakshadweep,2013,22.7,23.1,91.0,87.5,0.026,100.0,100.0,100.0,7.5,0.0,0.0,0.0,0.0,0.0,0.0,0.0
Lakshadweep,2014,25.7,26.0,91.0,87.5,0.026,100.0,100.0,100.0,70.3,2.2,0.0,0.0,0.0,0.0,0.0,0.0
Lakshadweep,2015,24.2,24.5,91.0,87.5,0.026,100.0,100.0,100.0,28.1,2.2,0.0,0.0,0.0,0.0,0.0,0.0
Lakshadweep,2016,25.9,26.0,91.0,87.5,0.026,100.0,100.0,100.0,68.0,11.6,0.0,0.0,0.0,0.0,0.0,0.0
Lakshadweep,2017,27.4,27.8,91.0,87.5,0.026,100.0,100.0,100.0,86.0,18.1,0.0,0.0,0.0,0.0,0.0,0.0
Lakshadweep,2018,26.6,27.1,91.0,87.5,0.026,100.0,100.0,100.0,72.6,18.1,0.0,0.0,0.0,0.0,0.0,0.0
Lakshadweep,2019,23.9,24.3,91.0,87.5,0.026,100.0,100.0,100.0,30.5,0.0,0.0,0.0,0.0,0.0,0.0,0.0
Lakshadweep,2020,26.9,27.3,91.0,87.5,0.026,100.0,100.0,100.0,76.5,21.3,0.0,0.0,0.0,0.0,0.0,0.0
Lakshadweep,2021,27.4,27.8,91.0,87.5,0.026,100.0,100.0,100.0,76.3,21.3,0.0,0.0,0.0,0.0,0.0,0.0
Madhya Pradesh,1998,33.6,32.3,100.0,100.0,61.749,100.0,100.0,100.0,93.7,56.2,24.1,15.6,10.7,8.2,6.5,4.7
Madhya Pradesh,1999,34.2,32.9,100.0,100.0,61.749,100.0,100.0,100.0,93.0,60.0,27.7,18.2,12.0,8.3,6.3,4.6
Madhya Pradesh,2000,35.6,34.4,100.0,100.0,61.749,100.0,100.0,100.0,98.3,79.8,35.1,16.1,10.5,8.1,6.1,4.6
Madhya Pradesh,2001,39.6,38.4,100.0,100.0,62.974,100.0,100.0,100.0,100.0,96.3,66.4,28.7,16.4,10.9,8.3,6.1
Madhya Pradesh,2002,42.3,41.1,100.0,100.0,64.200,100.0,100.0,100.0,100.0,97.5,79.3,43.1,23.5,13.2,10.2,8.3
Madhya Pradesh,2003,45.8,44.5,100.0,100.0,65.425,100.0,100.0,100.0,100.0,99.7,94.7,69.6,34.5,21.1,13.1,9.9
Madhya Pradesh,2004,45.7,44.5,100.0,100.0,66.651,100.0,100.0,100.0,100.0,99.8,95.2,71.3,35.1,18.8,12.1,9.1
Madhya Pradesh,2005,43.6,42.2,100.0,100.0,67.876,100.0,100.0,100.0,100.0,98.9,89.6,53.4,26.0,14.8,10.4,8.3
Madhya Pradesh,2006,44.9,43.5,100.0,100.0,69.064,100.0,100.0,100.0,100.0,99.9,97.3,76.4,29.6,13.0,9.1,7.4
Madhya Pradesh,2007,47.9,46.7,100.0,100.0,70.252,100.0,100.0,100.0,100.0,100.0,98.8,87.3,52.7,23.0,13.2,9.5
Madhya Pradesh,2008,51.5,50.0,100.0,100.0,71.440,100.0,100.0,100.0,100.0,100.0,99.2,92.7,70.2,38.7,22.7,16.0
Madhya Pradesh,2009,49.5,48.0,100.0,100.0,72.629,100.0,100.0,100.0,100.0,100.0,99.2,91.4,62.0,29.0,15.2,10.5
Madhya Pradesh,2010,48.8,47.1,100.0,100.0,73.817,100.0,100.0,100.0,100.0,100.0,98.4,87.3,48.5,25.8,15.7,11.1
Madhya Pradesh,2011,53.7,52.1,100.0,100.0,74.934,100.0,100.0,100.0,100.0,100.0,99.7,95.3,82.2,52.1,31.5,17.6
Madhya Pradesh,2012,52.5,50.8,100.0,100.0,76.050,100.0,100.0,100.0,100.0,100.0,99.3,92.1,73.1,45.3,27.8,17.3
Madhya Pradesh,2013,53.5,51.9,100.0,100.0,77.167,100.0,100.0,100.0,100.0,100.0,100.0,97.9,83.7,54.4,27.3,16.0
Madhya Pradesh,2014,51.9,50.3,100.0,100.0,78.284,100.0,100.0,100.0,100.0,100.0,99.8,95.5,78.5,42.5,21.2,13.2
Madhya Pradesh,2015,51.6,50.2,100.0,100.0,79.401,100.0,100.0,100.0,100.0,100.0,100.0,97.8,78.7,40.4,17.3,10.9
Madhya Pradesh,2016,50.9,49.2,100.0,100.0,80.494,100.0,100.0,100.0,100.0,100.0,98.9,91.9,67.2,38.1,19.9,13.6
Madhya Pradesh,2017,53.2,51.2,100.0,100.0,81.586,100.0,100.0,100.0,100.0,100.0,99.8,97.7,86.4,51.1,22.6,13.8
Madhya Pradesh,2018,52.7,50.9,100.0,100.0,82.679,100.0,100.0,100.0,100.0,100.0,99.9,97.3,84.1,45.7,21.4,13.1
Madhya Pradesh,2019,56.6,54.5,100.0,100.0,83.772,100.0,100.0,100.0,100.0,100.0,100.0,98.6,91.2,67.3,36.1,22.5
Madhya Pradesh,2020,54.4,52.3,100.0,100.0,84.865,100.0,100.0,100.0,100.0,100.0,99.7,96.9,85.9,57.8,26.5,16.7
Madhya Pradesh,2021,56.4,54.4,100.0,100.0,84.865,100.0,100.0,100.0,100.0,100.0,100.0,99.0,94.1,74.9,38.6,18.0
Maharashtra,1998,24.5,23.1,99.8,99.9,98.293,100.0,100.0,99.2,43.5,17.9,0.9,0.0,0.0,0.0,0.0,0.0
Maharashtra,1999,24.3,23.2,99.8,99.9,98.293,100.0,100.0,98.5,42.1,17.1,2.7,0.5,0.0,0.0,0.0,0.0
Maharashtra,2000,28.8,27.9,99.8,99.9,98.293,100.0,100.0,100.0,80.9,40.5,6.7,0.1,0.0,0.0,0.0,0.0
Maharashtra,2001,30.5,30.2,99.8,99.9,99.841,100.0,100.0,100.0,91.0,53.4,13.7,2.5,0.1,0.0,0.0,0.0
Maharashtra,2002,30.9,30.5,99.8,99.9,101.389,100.0,100.0,100.0,93.9,57.3,14.3,1.5,0.0,0.0,0.0,0.0
Maharashtra,2003,33.8,33.3,99.8,99.9,102.937,100.0,100.0,100.0,98.5,81.7,39.2,8.0,0.5,0.0,0.0,0.0
Maharashtra,2004,34.3,33.7,99.8,99.9,104.484,100.0,100.0,100.0,98.2,81.7,44.7,10.3,0.9,0.0,0.0,0.0
Maharashtra,2005,34.6,34.0,99.8,99.9,106.032,100.0,100.0,100.0,98.4,87.2,46.3,12.1,0.1,0.0,0.0,0.0
Maharashtra,2006,36.8,36.2,99.8,99.9,107.492,100.0,100.0,100.0,98.6,91.1,65.2,27.5,1.9,0.0,0.0,0.0
Maharashtra,2007,37.5,37.0,99.8,99.9,108.952,100.0,100.0,100.0,99.6,94.7,71.9,28.7,4.8,0.4,0.0,0.0
Maharashtra,2008,39.6,38.7,99.8,99.9,110.412,100.0,100.0,100.0,99.9,97.5,84.1,43.3,16.1,1.6,0.1,0.0
Maharashtra,2009,39.0,38.2,99.8,99.9,111.872,100.0,100.0,100.0,99.9,97.6,83.9,40.2,9.3,0.0,0.0,0.0
Maharashtra,2010,38.4,37.5,99.8,99.9,113.332,100.0,100.0,100.0,99.7,96.5,77.8,34.3,10.7,0.1,0.0,0.0
Maharashtra,2011,40.4,39.4,99.8,99.9,114.664,100.0,100.0,100.0,99.9,97.2,88.1,52.9,19.2,2.9,0.4,0.0
Maharashtra,2012,39.2,37.6,99.8,99.9,115.996,100.0,100.0,100.0,99.9,98.0,79.1,42.2,14.5,0.4,0.0,0.0
Maharashtra,2013,40.3,39.7,99.8,99.9,117.328,100.0,100.0,100.0,99.5,95.5,81.0,52.5,23.1,5.7,0.1,0.0
Maharashtra,2014,39.9,39.3,99.8,99.9,118.660,100.0,100.0,100.0,100.0,98.0,86.7,45.2,19.1,3.4,0.0,0.0
Maharashtra,2015,40.9,39.9,99.8,99.9,119.992,100.0,100.0,100.0,99.8,97.7,82.8,54.9,26.6,6.7,0.8,0.0
Maharashtra,2016,41.0,39.4,99.8,99.9,121.278,100.0,100.0,100.0,99.9,97.2,84.6,55.6,25.7,9.1,0.0,0.0
Maharashtra,2017,43.6,42.1,99.8,99.9,122.564,100.0,100.0,100.0,100.0,99.3,93.3,72.2,39.7,17.8,0.7,0.0
Maharashtra,2018,43.1,41.6,99.8,99.9,123.850,100.0,100.0,100.0,100.0,99.5,92.8,69.8,36.0,13.3,0.5,0.0
Maharashtra,2019,42.0,41.5,99.8,99.9,125.136,100.0,100.0,100.0,99.9,96.9,84.7,58.7,33.2,14.5,2.1,0.0
Maharashtra,2020,42.6,42.2,99.8,99.9,126.422,100.0,100.0,100.0,99.9,98.9,88.8,62.1,35.2,17.0,2.6,0.0
Maharashtra,2021,45.4,45.4,99.8,99.9,126.422,100.0,100.0,100.0,99.9,99.4,94.3,74.9,49.4,28.5,11.2,1.3
Manipur,1998,21.3,20.2,100.0,100.0,2.374,100.0,100.0,99.7,0.1,0.0,0.0,0.0,0.0,0.0,0.0,0.0
Manipur,1999,23.0,20.8,100.0,100.0,2.374,100.0,100.0,99.6,34.6,0.0,0.0,0.0,0.0,0.0,0.0,0.0
Manipur,2000,22.5,20.2,100.0,100.0,2.374,100.0,100.0,99.8,25.2,0.0,0.0,0.0,0.0,0.0,0.0,0.0
Manipur,2001,25.7,23.3,100.0,100.0,2.428,100.0,100.0,100.0,58.6,8.7,0.0,0.0,0.0,0.0,0.0,0.0
Manipur,2002,27.3,24.1,100.0,100.0,2.482,100.0,100.0,100.0,66.6,30.3,2.2,0.0,0.0,0.0,0.0,0.0
Manipur,2003,27.4,24.8,100.0,100.0,2.537,100.0,100.0,100.0,72.4,29.1,0.0,0.0,0.0,0.0,0.0,0.0
Manipur,2004,28.9,26.7,100.0,100.0,2.591,100.0,100.0,100.0,81.7,48.2,0.6,0.0,0.0,0.0,0.0,0.0
Manipur,2005,30.1,27.0,100.0,100.0,2.645,100.0,100.0,100.0,81.2,59.2,10.3,0.1,0.0,0.0,0.0,0.0
Manipur,2006,31.9,29.3,100.0,100.0,2.701,100.0,100.0,100.0,94.4,68.4,26.3,0.3,0.0,0.0,0.0,0.0
Manipur,2007,30.7,28.2,100.0,100.0,2.757,100.0,100.0,100.0,85.3,62.5,11.3,0.3,0.0,0.0,0.0,0.0
Manipur,2008,29.8,27.2,100.0,100.0,2.814,100.0,100.0,100.0,80.0,56.7,8.3,0.2,0.0,0.0,0.0,0.0
Manipur,2009,33.7,31.1,100.0,100.0,2.870,100.0,100.0,100.0,98.6,75.9,48.4,4.3,0.0,0.0,0.0,0.0
Manipur,2010,30.3,27.7,100.0,100.0,2.926,100.0,100.0,100.0,78.7,64.0,12.8,0.4,0.0,0.0,0.0,0.0
Manipur,2011,33.4,30.3,100.0,100.0,2.984,100.0,100.0,100.0,86.8,74.3,51.1,6.0,0.2,0.0,0.0,0.0
Manipur,2012,36.2,32.6,100.0,100.0,3.042,100.0,100.0,100.0,98.9,79.5,62.6,34.8,2.3,0.1,0.0,0.0
Manipur,2013,31.2,28.1,100.0,100.0,3.099,100.0,100.0,100.0,81.4,64.2,28.7,0.7,0.0,0.0,0.0,0.0
Manipur,2014,31.5,29.0,100.0,100.0,3.157,100.0,100.0,100.0,84.1,67.2,27.6,0.3,0.0,0.0,0.0,0.0
Manipur,2015,32.5,29.9,100.0,100.0,3.215,100.0,100.0,100.0,87.2,71.6,41.9,2.0,0.0,0.0,0.0,0.0
Manipur,2016,30.2,28.0,100.0,100.0,3.277,100.0,100.0,100.0,82.0,61.3,8.2,0.1,0.0,0.0,0.0,0.0
Manipur,2017,29.4,27.8,100.0,100.0,3.340,100.0,100.0,100.0,80.9,58.0,2.1,0.0,0.0,0.0,0.0,0.0
Manipur,2018,34.9,32.3,100.0,100.0,3.402,100.0,100.0,100.0,92.1,75.7,61.3,18.7,0.3,0.0,0.0,0.0
Manipur,2019,30.4,28.9,100.0,100.0,3.464,100.0,100.0,100.0,81.0,65.1,8.6,0.1,0.0,0.0,0.0,0.0
Manipur,2020,31.5,28.9,100.0,100.0,3.526,100.0,100.0,100.0,79.4,64.0,40.5,1.7,0.1,0.0,0.0,0.0
Manipur,2021,34.0,31.6,100.0,100.0,3.526,100.0,100.0,100.0,91.2,72.9,55.3,10.3,0.1,0.0,0.0,0.0
Meghalaya,1998,20.9,20.9,100.0,100.0,2.721,100.0,100.0,73.7,23.4,11.2,3.0,0.1,0.0,0.0,0.0,0.0
Meghalaya,1999,21.0,21.1,100.0,100.0,2.721,100.0,100.0,86.6,22.0,7.2,1.0,0.0,0.0,0.0,0.0,0.0
Meghalaya,2000,26.8,27.0,100.0,100.0,2.721,100.0,100.0,100.0,58.9,27.1,13.4,3.4,0.1,0.0,0.0,0.0
Meghalaya,2001,28.6,28.5,100.0,100.0,2.791,100.0,100.0,100.0,67.6,35.3,14.5,4.1,0.3,0.0,0.0,0.0
Meghalaya,2002,28.1,28.0,100.0,100.0,2.861,100.0,100.0,100.0,65.5,32.3,12.4,2.9,0.1,0.0,0.0,0.0
Meghalaya,2003,30.2,30.0,100.0,100.0,2.931,100.0,100.0,100.0,73.3,47.3,21.8,8.8,1.7,0.0,0.0,0.0
Meghalaya,2004,29.5,29.4,100.0,100.0,3.001,100.0,100.0,100.0,77.5,40.7,18.2,5.3,1.1,0.0,0.0,0.0
Meghalaya,2005,31.7,31.4,100.0,100.0,3.071,100.0,100.0,100.0,72.4,54.8,33.2,15.8,5.6,0.8,0.0,0.0
Meghalaya,2006,35.3,35.1,100.0,100.0,3.142,100.0,100.0,100.0,99.9,68.9,45.0,23.4,12.9,4.3,0.6,0.0
Meghalaya,2007,32.4,32.2,100.0,100.0,3.214,100.0,100.0,100.0,78.3,57.4,36.3,17.2,7.3,1.2,0.0,0.0
Meghalaya,2008,33.1,33.0,100.0,100.0,3.285,100.0,100.0,100.0,85.3,59.6,37.4,18.4,8.1,1.8,0.1,0.0
Meghalaya,2009,38.1,38.1,100.0,100.0,3.356,100.0,100.0,100.0,100.0,91.6,61.9,34.1,18.0,6.1,1.6,0.0
Meghalaya,2010,30.3,29.8,100.0,100.0,3.428,100.0,100.0,100.0,66.8,46.8,29.7,12.6,4.6,1.1,0.0,0.0
Meghalaya,2011,34.4,34.3,100.0,100.0,3.499,100.0,100.0,100.0,99.1,64.4,41.3,21.4,10.2,3.9,0.8,0.0
Meghalaya,2012,38.8,38.2,100.0,100.0,3.570,100.0,100.0,100.0,100.0,78.2,60.6,41.8,23.1,11.9,4.6,1.2
Meghalaya,2013,32.5,32.0,100.0,100.0,3.642,100.0,100.0,100.0,73.2,56.3,37.0,18.6,10.8,4.5,1.4,0.2
Meghalaya,2014,33.2,32.7,100.0,100.0,3.713,100.0,100.0,100.0,84.1,57.2,37.9,20.8,9.9,3.7,0.7,0.0
Meghalaya,2015,32.6,32.3,100.0,100.0,3.784,100.0,100.0,100.0,96.5,54.2,31.3,14.3,5.4,1.0,0.0,0.0
Meghalaya,2016,31.3,31.6,100.0,100.0,3.858,100.0,100.0,100.0,83.8,52.0,28.6,11.2,3.5,0.0,0.0,0.0
Meghalaya,2017,32.8,32.7,100.0,100.0,3.931,100.0,100.0,100.0,79.4,60.3,40.1,19.9,7.1,1.5,0.0,0.0
Meghalaya,2018,39.2,39.0,100.0,100.0,4.004,100.0,100.0,100.0,99.9,76.3,57.8,45.5,27.4,17.2,7.3,2.3
Meghalaya,2019,35.3,35.5,100.0,100.0,4.078,100.0,100.0,100.0,84.3,67.5,52.4,30.0,14.2,4.7,0.5,0.0
Meghalaya,2020,35.3,35.2,100.0,100.0,4.151,100.0,100.0,100.0,82.3,66.6,47.0,28.6,17.9,9.3,4.5,1.2
Meghalaya,2021,38.0,37.9,100.0,100.0,4.151,100.0,100.0,100.0,96.9,79.2,58.7,41.5,21.9,9.7,3.2,0.5
Mizoram,1998,27.8,28.5,100.0,100.0,0.947,100.0,100.0,100.0,74.0,27.3,7.7,0.5,0.0,0.0,0.0,0.0
Mizoram,1999,27.4,28.3,100.0,100.0,0.947,100.0,100.0,100.0,61.8,24.2,14.1,3.6,0.0,0.0,0.0,0.0
Mizoram,2000,28.9,29.5,100.0,100.0,0.947,100.0,100.0,100.0,74.0,35.6,16.7,3.3,0.0,0.0,0.0,0.0
Mizoram,2001,32.0,32.7,100.0,100.0,0.968,100.0,100.0,100.0,91.3,56.2,26.1,13.6,3.4,0.3,0.0,0.0
Mizoram,2002,31.7,32.4,100.0,100.0,0.989,100.0,100.0,100.0,90.5,57.2,24.0,11.2,2.1,0.0,0.0,0.0
Mizoram,2003,34.1,34.5,100.0,100.0,1.011,100.0,100.0,100.0,97.8,77.6,38.5,15.5,4.1,0.1,0.0,0.0
Mizoram,2004,35.8,36.4,100.0,100.0,1.032,100.0,100.0,100.0,99.9,90.8,50.7,21.8,4.8,0.0,0.0,0.0
Mizoram,2005,34.2,35.2,100.0,100.0,1.053,100.0,100.0,100.0,96.0,75.4,37.8,20.1,6.1,0.5,0.0,0.0
Mizoram,2006,40.7,41.5,100.0,100.0,1.075,100.0,100.0,100.0,100.0,96.6,80.5,50.5,26.5,9.8,0.6,0.0
Mizoram,2007,38.6,39.1,100.0,100.0,1.096,100.0,100.0,100.0,99.3,90.7,70.4,40.8,17.2,3.2,0.1,0.0
Mizoram,2008,36.8,37.4,100.0,100.0,1.117,100.0,100.0,100.0,98.7,87.3,58.2,28.0,13.1,2.6,0.0,0.0
Mizoram,2009,41.0,41.7,100.0,100.0,1.139,100.0,100.0,100.0,100.0,97.0,79.4,50.9,25.2,14.8,3.8,0.1
Mizoram,2010,36.2,36.3,100.0,100.0,1.160,100.0,100.0,100.0,99.8,88.0,58.8,22.3,3.7,0.0,0.0,0.0
Mizoram,2011,39.9,40.2,100.0,100.0,1.180,100.0,100.0,100.0,100.0,96.9,79.2,47.3,20.0,4.8,0.2,0.0
Mizoram,2012,41.0,41.6,100.0,100.0,1.201,100.0,100.0,100.0,100.0,98.6,86.0,55.1,23.3,6.1,0.5,0.0
Mizoram,2013,35.7,36.0,100.0,100.0,1.222,100.0,100.0,100.0,98.6,84.4,53.3,21.2,6.9,0.2,0.0,0.0
Mizoram,2014,39.4,39.8,100.0,100.0,1.243,100.0,100.0,100.0,99.9,94.8,72.3,40.2,19.5,10.9,2.0,0.0
Mizoram,2015,38.5,38.7,100.0,100.0,1.263,100.0,100.0,100.0,100.0,96.7,73.4,31.5,14.6,2.9,0.1,0.0
Mizoram,2016,38.4,38.6,100.0,100.0,1.284,100.0,100.0,100.0,99.9,93.9,71.2,33.3,15.5,3.4,0.2,0.0
Mizoram,2017,34.8,34.9,100.0,100.0,1.305,100.0,100.0,100.0,99.7,87.8,45.9,14.2,0.2,0.0,0.0,0.0
Mizoram,2018,41.8,41.9,100.0,100.0,1.326,100.0,100.0,100.0,100.0,97.6,85.2,62.3,30.2,10.6,1.4,0.0
Mizoram,2019,37.7,37.6,100.0,100.0,1.347,100.0,100.0,100.0,100.0,94.3,68.6,32.8,9.0,0.3,0.0,0.0
Mizoram,2020,39.2,39.3,100.0,100.0,1.367,100.0,100.0,100.0,99.8,94.6,76.9,44.3,16.7,2.0,0.0,0.0
Mizoram,2021,43.9,44.3,100.0,100.0,1.367,100.0,100.0,100.0,100.0,99.9,94.7,70.8,37.8,19.4,6.9,0.5
Nagaland,1998,22.9,22.9,100.0,100.0,2.061,100.0,100.0,100.0,3.2,0.0,0.0,0.0,0.0,0.0,0.0,0.0
Nagaland,1999,23.8,23.7,100.0,100.0,2.061,100.0,100.0,100.0,21.7,0.0,0.0,0.0,0.0,0.0,0.0,0.0
Nagaland,2000,23.2,22.7,100.0,100.0,2.061,100.0,100.0,100.0,17.6,0.0,0.0,0.0,0.0,0.0,0.0,0.0
Nagaland,2001,24.0,23.7,100.0,100.0,2.056,100.0,100.0,100.0,29.4,0.0,0.0,0.0,0.0,0.0,0.0,0.0
Nagaland,2002,23.8,23.4,100.0,100.0,2.051,100.0,100.0,100.0,24.9,0.0,0.0,0.0,0.0,0.0,0.0,0.0
Nagaland,2003,25.3,24.9,100.0,100.0,2.046,100.0,100.0,100.0,52.9,0.5,0.0,0.0,0.0,0.0,0.0,0.0
Nagaland,2004,25.4,24.9,100.0,100.0,2.042,100.0,100.0,100.0,44.8,0.6,0.0,0.0,0.0,0.0,0.0,0.0
Nagaland,2005,25.4,25.2,100.0,100.0,2.037,100.0,100.0,100.0,59.5,0.4,0.0,0.0,0.0,0.0,0.0,0.0
Nagaland,2006,29.1,28.8,100.0,100.0,2.033,100.0,100.0,100.0,98.6,32.1,0.1,0.0,0.0,0.0,0.0,0.0
Nagaland,2007,27.8,27.2,100.0,100.0,2.030,100.0,100.0,100.0,81.3,24.0,0.2,0.0,0.0,0.0,0.0,0.0
Nagaland,2008,26.2,25.6,100.0,100.0,2.026,100.0,100.0,100.0,64.1,7.9,0.0,0.0,0.0,0.0,0.0,0.0
Nagaland,2009,33.3,32.5,100.0,100.0,2.023,100.0,100.0,100.0,99.6,78.6,36.4,2.1,0.0,0.0,0.0,0.0
Nagaland,2010,26.9,26.1,100.0,100.0,2.019,100.0,100.0,100.0,61.1,25.4,0.4,0.0,0.0,0.0,0.0,0.0
Nagaland,2011,28.1,27.2,100.0,100.0,2.016,100.0,100.0,100.0,76.8,30.7,2.1,0.0,0.0,0.0,0.0,0.0
Nagaland,2012,31.6,30.7,100.0,100.0,2.012,100.0,100.0,100.0,98.3,60.8,27.8,0.2,0.0,0.0,0.0,0.0
Nagaland,2013,26.7,25.8,100.0,100.0,2.009,100.0,100.0,100.0,59.5,25.5,0.0,0.0,0.0,0.0,0.0,0.0
Nagaland,2014,27.6,26.6,100.0,100.0,2.005,100.0,100.0,100.0,70.9,28.1,2.2,0.0,0.0,0.0,0.0,0.0
Nagaland,2015,27.6,26.7,100.0,100.0,2.002,100.0,100.0,100.0,80.6,25.9,1.0,0.0,0.0,0.0,0.0,0.0
Nagaland,2016,25.7,24.7,100.0,100.0,1.999,100.0,100.0,100.0,46.5,15.9,0.0,0.0,0.0,0.0,0.0,0.0
Nagaland,2017,26.2,25.1,100.0,100.0,1.997,100.0,100.0,100.0,51.3,23.7,0.4,0.0,0.0,0.0,0.0,0.0
Nagaland,2018,28.9,27.6,100.0,100.0,1.994,100.0,100.0,100.0,81.4,34.6,16.0,0.0,0.0,0.0,0.0,0.0
Nagaland,2019,27.4,26.4,100.0,100.0,1.991,100.0,100.0,100.0,68.2,29.3,1.1,0.0,0.0,0.0,0.0,0.0
Nagaland,2020,27.2,26.0,100.0,100.0,1.989,100.0,100.0,100.0,61.7,28.6,3.4,0.0,0.0,0.0,0.0,0.0
Nagaland,2021,29.8,28.7,100.0,100.0,1.989,100.0,100.0,100.0,90.2,42.8,15.2,0.0,0.0,0.0,0.0,0.0
NCT of Delhi,1998,83.6,83.2,100.0,100.0,13.397,100.0,100.0,100.0,100.0,100.0,100.0,100.0,100.0,100.0,100.0,100.0
NCT of Delhi,1999,83.7,83.3,100.0,100.0,13.397,100.0,100.0,100.0,100.0,100.0,100.0,100.0,100.0,100.0,100.0,100.0
NCT of Delhi,2000,91.5,91.3,100.0,100.0,13.397,100.0,100.0,100.0,100.0,100.0,100.0,100.0,100.0,100.0,100.0,100.0
NCT of Delhi,2001,96.0,95.7,100.0,100.0,13.670,100.0,100.0,100.0,100.0,100.0,100.0,100.0,100.0,100.0,100.0,100.0
NCT of Delhi,2002,103.3,102.9,100.0,100.0,13.943,100.0,100.0,100.0,100.0,100.0,100.0,100.0,100.0,100.0,100.0,100.0
NCT of Delhi,2003,114.6,113.6,100.0,100.0,14.216,100.0,100.0,100.0,100.0,100.0,100.0,100.0,100.0,100.0,100.0,100.0
NCT of Delhi,2004,108.9,107.2,100.0,100.0,14.489,100.0,100.0,100.0,100.0,100.0,100.0,100.0,100.0,100.0,100.0,100.0
NCT of Delhi,2005,105.5,104.4,100.0,100.0,14.762,100.0,100.0,100.0,100.0,100.0,100.0,100.0,100.0,100.0,100.0,100.0
NCT of Delhi,2006,97.7,97.6,100.0,100.0,15.033,100.0,100.0,100.0,100.0,100.0,100.0,100.0,100.0,100.0,100.0,100.0
NCT of Delhi,2007,107.6,107.7,100.0,100.0,15.305,100.0,100.0,100.0,100.0,100.0,100.0,100.0,100.0,100.0,100.0,100.0
NCT of Delhi,2008,116.3,115.4,100.0,100.0,15.576,100.0,100.0,100.0,100.0,100.0,100.0,100.0,100.0,100.0,100.0,100.0
NCT of Delhi,2009,108.9,109.0,100.0,100.0,15.848,100.0,100.0,100.0,100.0,100.0,100.0,100.0,100.0,100.0,100.0,100.0
NCT of Delhi,2010,130.5,129.7,100.0,100.0,16.119,100.0,100.0,100.0,100.0,100.0,100.0,100.0,100.0,100.0,100.0,100.0
NCT of Delhi,2011,135.7,134.7,100.0,100.0,16.382,100.0,100.0,100.0,100.0,100.0,100.0,100.0,100.0,100.0,100.0,100.0
NCT of Delhi,2012,121.2,119.9,100.0,100.0,16.645,100.0,100.0,100.0,100.0,100.0,100.0,100.0,100.0,100.0,100.0,100.0
NCT of Delhi,2013,119.8,119.3,100.0,100.0,16.908,100.0,100.0,100.0,100.0,100.0,100.0,100.0,100.0,100.0,100.0,100.0
NCT of Delhi,2014,115.1,114.4,100.0,100.0,17.171,100.0,100.0,100.0,100.0,100.0,100.0,100.0,100.0,100.0,100.0,100.0
NCT of Delhi,2015,113.7,113.3,100.0,100.0,17.434,100.0,100.0,100.0,100.0,100.0,100.0,100.0,100.0,100.0,100.0,100.0
NCT of Delhi,2016,124.2,122.6,100.0,100.0,17.699,100.0,100.0,100.0,100.0,100.0,100.0,100.0,100.0,100.0,100.0,100.0
NCT of Delhi,2017,124.0,123.5,100.0,100.0,17.964,100.0,100.0,100.0,100.0,100.0,100.0,100.0,100.0,100.0,100.0,100.0
NCT of Delhi,2018,127.1,125.9,100.0,100.0,18.229,100.0,100.0,100.0,100.0,100.0,100.0,100.0,100.0,100.0,100.0,100.0
NCT of Delhi,2019,131.4,132.6,100.0,100.0,18.494,100.0,100.0,100.0,100.0,100.0,100.0,100.0,100.0,100.0,100.0,100.0
NCT of Delhi,2020,116.0,115.7,100.0,100.0,18.759,100.0,100.0,100.0,100.0,100.0,100.0,100.0,100.0,100.0,100.0,100.0
NCT of Delhi,2021,133.4,133.2,100.0,100.0,18.759,100.0,100.0,100.0,100.0,100.0,100.0,100.0,100.0,100.0,100.0,100.0
Odisha,1998,24.4,24.2,100.0,99.4,37.930,100.0,99.7,94.5,37.8,18.8,7.5,2.6,0.1,0.0,0.0,0.0
Odisha,1999,25.7,25.2,100.0,99.4,37.930,100.0,99.9,96.6,51.4,22.7,9.9,2.8,0.1,0.0,0.0,0.0
Odisha,2000,27.0,26.5,100.0,99.4,37.930,100.0,100.0,98.9,66.0,29.0,7.8,0.8,0.0,0.0,0.0,0.0
Odisha,2001,31.6,31.8,100.0,99.4,38.464,100.0,100.0,99.9,85.3,59.2,29.5,11.0,1.8,0.0,0.0,0.0
Odisha,2002,32.0,32.1,100.0,99.4,38.997,100.0,100.0,99.9,84.9,61.7,31.2,14.9,3.3,0.0,0.0,0.0
Odisha,2003,32.8,33.2,100.0,99.4,39.531,100.0,100.0,100.0,86.9,64.8,35.1,17.8,4.0,0.2,0.0,0.0
Odisha,2004,34.4,34.5,100.0,99.4,40.065,100.0,100.0,100.0,88.6,78.0,40.2,22.2,9.1,1.9,0.1,0.0
Odisha,2005,34.7,34.6,100.0,99.4,40.599,100.0,100.0,100.0,90.9,80.4,43.4,21.9,7.3,0.7,0.0,0.0
Odisha,2006,36.8,36.1,100.0,99.4,41.076,100.0,100.0,100.0,93.9,83.2,65.9,31.0,9.5,1.9,0.2,0.0
Odisha,2007,37.9,38.0,100.0,99.4,41.553,100.0,100.0,100.0,96.9,85.3,64.1,34.3,19.6,8.3,1.3,0.1
Odisha,2008,42.9,42.1,100.0,99.4,42.030,100.0,100.0,100.0,98.4,93.5,83.4,69.9,35.8,18.7,7.2,1.4
Odisha,2009,41.5,40.4,100.0,99.4,42.507,100.0,100.0,100.0,98.0,92.5,80.5,60.2,30.4,15.4,3.9,0.2
Odisha,2010,38.2,37.8,100.0,99.4,42.985,100.0,100.0,100.0,95.5,84.5,67.7,40.0,20.9,5.4,0.6,0.0
Odisha,2011,43.5,43.0,100.0,99.4,43.388,100.0,100.0,100.0,99.3,95.4,84.0,66.3,40.6,22.3,10.9,2.4
Odisha,2012,41.8,40.9,100.0,99.4,43.792,100.0,100.0,100.0,98.4,92.1,80.6,60.0,33.3,17.1,4.4,1.1
Odisha,2013,43.3,42.7,100.0,99.4,44.196,100.0,100.0,100.0,98.7,90.3,81.5,66.1,39.6,23.0,13.2,4.1
Odisha,2014,45.5,44.5,100.0,99.4,44.600,100.0,100.0,100.0,99.4,96.3,87.3,77.3,51.2,28.2,15.0,5.6
Odisha,2015,45.0,44.7,100.0,99.4,45.004,100.0,100.0,100.0,99.3,96.0,86.3,72.9,50.7,26.9,14.7,4.7
Odisha,2016,44.0,43.2,100.0,99.4,45.365,100.0,100.0,100.0,98.9,93.3,83.2,69.7,41.2,24.5,13.6,5.2
Odisha,2017,43.7,42.6,100.0,99.4,45.726,100.0,100.0,100.0,99.0,95.2,84.0,70.8,38.4,21.5,10.2,3.6
Odisha,2018,44.5,43.4,100.0,99.4,46.087,100.0,100.0,100.0,99.5,95.9,86.1,73.1,48.4,24.1,9.5,2.9
Odisha,2019,44.4,43.4,100.0,99.4,46.448,100.0,100.0,100.0,99.3,95.5,84.8,71.8,45.7,25.0,12.4,4.0
Odisha,2020,46.5,45.3,100.0,99.4,46.810,100.0,100.0,100.0,98.7,95.0,84.8,78.2,57.1,31.8,19.5,10.1
Odisha,2021,49.3,48.6,100.0,99.4,46.810,100.0,100.0,100.0,99.8,98.2,92.7,82.5,67.3,44.8,26.5,15.6
Puducherry,1998,19.0,19.3,100.0,100.0,0.837,100.0,92.3,74.4,0.0,0.0,0.0,0.0,0.0,0.0,0.0,0.0
Puducherry,1999,22.2,22.5,100.0,100.0,0.837,100.0,96.7,74.4,61.5,0.0,0.0,0.0,0.0,0.0,0.0,0.0
Puducherry,2000,22.6,22.8,100.0,100.0,0.837,100.0,100.0,74.4,63.7,0.0,0.0,0.0,0.0,0.0,0.0,0.0
Puducherry,2001,23.8,23.7,100.0,100.0,0.853,100.0,100.0,74.7,71.4,0.0,0.0,0.0,0.0,0.0,0.0,0.0
Puducherry,2002,23.4,23.3,100.0,100.0,0.869,100.0,100.0,78.7,64.0,0.0,0.0,0.0,0.0,0.0,0.0,0.0
Puducherry,2003,23.8,23.6,100.0,100.0,0.884,100.0,100.0,94.5,65.4,0.0,0.0,0.0,0.0,0.0,0.0,0.0
Puducherry,2004,24.5,24.1,100.0,100.0,0.900,100.0,100.0,90.7,74.4,0.0,0.0,0.0,0.0,0.0,0.0,0.0
Puducherry,2005,26.0,25.3,100.0,100.0,0.916,100.0,100.0,77.8,75.1,49.3,0.0,0.0,0.0,0.0,0.0,0.0
Puducherry,2006,25.1,24.7,100.0,100.0,0.931,100.0,100.0,100.0,76.2,1.1,0.0,0.0,0.0,0.0,0.0,0.0
Puducherry,2007,26.7,26.2,100.0,100.0,0.947,100.0,100.0,100.0,76.6,42.6,0.0,0.0,0.0,0.0,0.0,0.0
Puducherry,2008,27.0,26.6,100.0,100.0,0.962,100.0,100.0,100.0,76.9,46.9,0.0,0.0,0.0,0.0,0.0,0.0
Puducherry,2009,27.4,26.8,100.0,100.0,0.977,100.0,100.0,100.0,77.2,53.0,0.0,0.0,0.0,0.0,0.0,0.0
Puducherry,2010,25.8,25.3,100.0,100.0,0.993,100.0,100.0,100.0,77.3,8.6,0.0,0.0,0.0,0.0,0.0,0.0
Puducherry,2011,25.8,25.4,100.0,100.0,1.007,100.0,100.0,100.0,77.5,5.6,0.0,0.0,0.0,0.0,0.0,0.0
Puducherry,2012,27.0,26.4,100.0,100.0,1.022,100.0,100.0,100.0,78.1,46.6,0.0,0.0,0.0,0.0,0.0,0.0
Puducherry,2013,26.4,25.8,100.0,100.0,1.037,100.0,100.0,100.0,78.4,23.1,0.0,0.0,0.0,0.0,0.0,0.0
Puducherry,2014,28.4,28.2,100.0,100.0,1.052,100.0,100.0,100.0,78.7,54.7,0.7,0.0,0.0,0.0,0.0,0.0
Puducherry,2015,24.1,23.7,100.0,100.0,1.066,100.0,100.0,100.0,55.2,0.0,0.0,0.0,0.0,0.0,0.0,0.0
Puducherry,2016,28.9,28.1,100.0,100.0,1.081,100.0,100.0,100.0,79.3,60.2,4.4,0.0,0.0,0.0,0.0,0.0
Puducherry,2017,28.2,27.6,100.0,100.0,1.096,100.0,100.0,100.0,79.6,54.0,0.0,0.0,0.0,0.0,0.0,0.0
Puducherry,2018,28.1,27.7,100.0,100.0,1.111,100.0,100.0,100.0,79.9,38.3,0.0,0.0,0.0,0.0,0.0,0.0
Puducherry,2019,25.6,24.9,100.0,100.0,1.126,100.0,100.0,100.0,78.7,8.9,0.0,0.0,0.0,0.0,0.0,0.0
Puducherry,2020,24.3,24.0,100.0,100.0,1.140,100.0,100.0,100.0,53.0,0.7,0.0,0.0,0.0,0.0,0.0,0.0
Puducherry,2021,26.3,25.7,100.0,100.0,1.140,100.0,100.0,100.0,66.0,12.3,0.0,0.0,0.0,0.0,0.0,0.0
Punjab,1998,47.4,47.9,100.0,100.0,25.076,100.0,100.0,100.0,99.1,96.1,91.4,85.1,72.4,46.2,10.1,0.0
Punjab,1999,49.1,49.9,100.0,100.0,25.076,100.0,100.0,100.0,98.9,95.3,90.3,84.4,73.6,56.2,23.9,10.1
Punjab,2000,57.5,58.5,100.0,100.0,25.076,100.0,100.0,100.0,99.9,99.0,96.0,91.7,85.7,77.6,67.2,47.0
Punjab,2001,58.4,59.5,100.0,100.0,25.425,100.0,100.0,100.0,100.0,99.7,97.5,92.8,85.5,77.6,68.4,54.7
Punjab,2002,61.1,62.4,100.0,100.0,25.775,100.0,100.0,100.0,100.0,99.2,97.5,93.5,87.5,82.3,73.8,64.3
Punjab,2003,64.6,65.8,100.0,100.0,26.124,100.0,100.0,100.0,100.0,99.4,98.5,95.4,90.9,85.0,79.2,71.8
Punjab,2004,65.9,66.9,100.0,100.0,26.474,100.0,100.0,100.0,100.0,99.3,98.5,96.2,92.3,86.6,81.8,73.9
Punjab,2005,64.1,64.7,100.0,100.0,26.823,100.0,100.0,100.0,99.9,99.5,98.9,96.0,91.0,86.2,80.7,70.5
Punjab,2006,64.4,65.4,100.0,100.0,27.137,100.0,100.0,100.0,100.0,99.4,98.5,95.9,91.9,85.7,79.4,70.3
Punjab,2007,67.1,68.2,100.0,100.0,27.450,100.0,100.0,100.0,100.0,99.9,99.1,97.2,92.9,86.7,82.5,75.7
Punjab,2008,71.0,71.4,100.0,100.0,27.763,100.0,100.0,100.0,100.0,99.9,99.4,98.8,96.3,92.9,88.0,82.9
Punjab,2009,66.1,66.4,100.0,100.0,28.076,100.0,100.0,100.0,99.9,99.5,99.1,97.8,94.2,89.1,84.6,77.9
Punjab,2010,75.0,76.6,100.0,100.0,28.389,100.0,100.0,100.0,100.0,99.8,99.2,98.4,96.1,93.1,87.7,82.5
Punjab,2011,74.8,75.2,100.0,100.0,28.656,100.0,100.0,100.0,100.0,99.9,99.3,98.8,97.0,94.1,90.2,85.6
Punjab,2012,69.4,70.4,100.0,100.0,28.922,100.0,100.0,100.0,100.0,99.8,99.4,98.9,97.1,94.0,88.9,83.9
Punjab,2013,71.5,72.1,100.0,100.0,29.189,100.0,100.0,100.0,100.0,99.9,99.5,98.9,96.2,93.1,88.7,83.7
Punjab,2014,70.2,70.6,100.0,100.0,29.455,100.0,100.0,100.0,100.0,99.9,99.5,99.0,96.7,93.4,89.1,84.6
Punjab,2015,73.6,74.2,100.0,100.0,29.722,100.0,100.0,100.0,100.0,99.9,99.6,99.1,98.0,95.1,90.8,86.0
Punjab,2016,81.3,81.6,100.0,100.0,29.962,100.0,100.0,100.0,100.0,100.0,100.0,99.7,99.1,97.9,95.0,91.2
Punjab,2017,72.1,72.3,100.0,100.0,30.201,100.0,100.0,100.0,100.0,99.9,99.3,98.8,97.3,94.1,90.0,85.7
Punjab,2018,76.1,76.6,100.0,100.0,30.441,100.0,100.0,100.0,100.0,99.9,99.5,99.1,98.2,95.3,92.0,87.5
Punjab,2019,70.2,71.0,100.0,100.0,30.681,100.0,100.0,100.0,100.0,99.8,99.2,98.2,95.2,92.0,87.1,82.2
Punjab,2020,71.0,71.4,100.0,100.0,30.921,100.0,100.0,100.0,100.0,99.9,99.4,99.0,97.3,94.7,90.1,85.0
Punjab,2021,77.8,78.6,100.0,100.0,30.921,100.0,100.0,100.0,100.0,99.9,99.6,99.2,98.5,95.9,92.6,88.3
Rajasthan,1998,47.6,46.9,100.0,100.0,57.866,100.0,100.0,100.0,99.9,97.7,89.3,76.8,59.6,41.4,21.9,9.3
Rajasthan,1999,49.2,49.2,100.0,100.0,57.866,100.0,100.0,100.0,100.0,98.3,90.9,80.8,67.1,49.4,28.7,11.6
Rajasthan,2000,49.2,49.3,100.0,100.0,57.866,100.0,100.0,100.0,99.9,98.4,92.5,81.5,67.7,47.8,24.0,12.1
Rajasthan,2001,54.9,54.3,100.0,100.0,59.062,100.0,100.0,100.0,100.0,100.0,99.5,91.9,82.9,70.4,51.2,24.8
Rajasthan,2002,59.7,59.1,100.0,100.0,60.258,100.0,100.0,100.0,100.0,100.0,100.0,97.4,89.2,80.2,68.1,50.2
Rajasthan,2003,61.6,60.4,100.0,100.0,61.454,100.0,100.0,100.0,100.0,100.0,100.0,99.7,93.3,85.8,76.2,57.3
Rajasthan,2004,60.2,60.2,100.0,100.0,62.651,100.0,100.0,100.0,100.0,100.0,100.0,99.5,91.2,83.4,73.9,49.9
Rajasthan,2005,58.4,58.2,100.0,100.0,63.847,100.0,100.0,100.0,100.0,100.0,99.9,98.7,90.4,81.3,65.4,41.2
Rajasthan,2006,59.4,59.9,100.0,100.0,65.021,100.0,100.0,100.0,100.0,100.0,100.0,99.7,92.9,82.8,73.0,48.9
Rajasthan,2007,59.6,58.7,100.0,100.0,66.195,100.0,100.0,100.0,100.0,100.0,100.0,98.9,89.5,80.2,69.1,49.1
Rajasthan,2008,61.9,60.2,100.0,100.0,67.369,100.0,100.0,100.0,100.0,100.0,100.0,99.9,97.4,87.7,73.6,53.2
Rajasthan,2009,62.3,61.6,100.0,100.0,68.543,100.0,100.0,100.0,100.0,100.0,100.0,99.6,95.8,86.0,75.9,60.1
Rajasthan,2010,65.8,64.2,100.0,100.0,69.717,100.0,100.0,100.0,100.0,100.0,100.0,99.6,96.6,87.2,80.0,72.4
Rajasthan,2011,65.2,62.4,100.0,100.0,70.837,100.0,100.0,100.0,100.0,100.0,100.0,100.0,99.3,93.8,85.1,65.7
Rajasthan,2012,66.6,65.5,100.0,100.0,71.958,100.0,100.0,100.0,100.0,100.0,100.0,100.0,99.9,97.2,88.9,76.6
Rajasthan,2013,64.3,62.8,100.0,100.0,73.078,100.0,100.0,100.0,100.0,100.0,100.0,100.0,98.9,91.5,83.9,69.9
Rajasthan,2014,62.5,61.2,100.0,100.0,74.198,100.0,100.0,100.0,100.0,100.0,100.0,100.0,98.3,88.3,75.9,59.7
Rajasthan,2015,65.5,66.2,100.0,100.0,75.318,100.0,100.0,100.0,100.0,100.0,100.0,100.0,98.3,89.5,80.5,71.1
Rajasthan,2016,62.7,60.6,100.0,100.0,76.429,100.0,100.0,100.0,100.0,100.0,100.0,99.7,95.0,85.2,73.6,56.2
Rajasthan,2017,61.5,59.9,100.0,100.0,77.541,100.0,100.0,100.0,100.0,100.0,100.0,99.9,98.6,90.5,70.5,44.8
Rajasthan,2018,64.8,63.9,100.0,100.0,78.652,100.0,100.0,100.0,100.0,100.0,100.0,100.0,99.2,92.9,81.7,68.6
Rajasthan,2019,67.0,64.0,100.0,100.0,79.763,100.0,100.0,100.0,100.0,100.0,100.0,100.0,99.7,97.5,89.6,70.9
Rajasthan,2020,62.0,59.8,100.0,100.0,80.874,100.0,100.0,100.0,100.0,100.0,100.0,99.5,97.1,87.2,71.3,49.6
Rajasthan,2021,65.9,63.1,100.0,100.0,80.874,100.0,100.0,100.0,100.0,100.0,100.0,99.9,98.9,93.4,80.3,64.5
Sikkim,1998,25.1,21.0,100.0,100.0,0.547,100.0,100.0,97.8,66.0,0.6,0.0,0.0,0.0,0.0,0.0,0.0
Sikkim,1999,25.3,21.5,100.0,100.0,0.547,100.0,100.0,98.0,68.5,0.0,0.0,0.0,0.0,0.0,0.0,0.0
Sikkim,2000,31.2,28.8,100.0,100.0,0.547,100.0,100.0,100.0,86.9,72.1,19.8,0.0,0.0,0.0,0.0,0.0
Sikkim,2001,35.0,33.7,100.0,100.0,0.554,100.0,100.0,100.0,95.3,82.5,58.6,0.0,0.0,0.0,0.0,0.0
Sikkim,2002,33.2,30.7,100.0,100.0,0.561,100.0,100.0,100.0,88.5,76.4,51.9,0.0,0.0,0.0,0.0,0.0
Sikkim,2003,33.2,30.3,100.0,100.0,0.568,100.0,100.0,100.0,92.0,72.8,47.4,0.0,0.0,0.0,0.0,0.0
Sikkim,2004,33.1,29.4,100.0,100.0,0.575,100.0,100.0,100.0,88.5,76.6,45.0,6.9,0.0,0.0,0.0,0.0
Sikkim,2005,33.9,30.1,100.0,100.0,0.582,100.0,100.0,100.0,94.9,71.7,50.3,6.8,0.0,0.0,0.0,0.0
Sikkim,2006,35.1,29.5,100.0,100.0,0.589,100.0,100.0,100.0,95.6,76.1,54.9,27.0,0.5,0.0,0.0,0.0
Sikkim,2007,33.9,27.7,100.0,100.0,0.595,100.0,100.0,100.0,89.3,66.4,51.5,23.3,0.0,0.0,0.0,0.0
Sikkim,2008,33.8,28.4,100.0,100.0,0.601,100.0,100.0,100.0,89.2,65.5,51.7,22.3,0.0,0.0,0.0,0.0
Sikkim,2009,40.1,32.5,100.0,100.0,0.607,100.0,100.0,100.0,99.1,88.1,68.1,55.5,34.4,7.5,0.0,0.0
Sikkim,2010,33.8,28.4,100.0,100.0,0.613,100.0,100.0,100.0,82.6,63.6,52.0,28.1,0.0,0.0,0.0,0.0
Sikkim,2011,36.9,30.4,100.0,100.0,0.619,100.0,100.0,100.0,97.1,78.1,59.2,45.1,10.7,0.0,0.0,0.0
Sikkim,2012,39.3,33.3,100.0,100.0,0.624,100.0,100.0,100.0,99.1,86.3,64.6,54.0,32.8,0.0,0.0,0.0
Sikkim,2013,35.1,29.0,100.0,100.0,0.629,100.0,100.0,100.0,92.5,70.0,53.1,33.5,0.9,0.0,0.0,0.0
Sikkim,2014,38.6,32.4,100.0,100.0,0.634,100.0,100.0,100.0,95.8,86.0,62.9,49.6,29.6,0.0,0.0,0.0
Sikkim,2015,38.0,33.4,100.0,100.0,0.639,100.0,100.0,100.0,93.7,84.9,59.5,48.4,21.0,0.0,0.0,0.0
Sikkim,2016,34.4,30.2,100.0,100.0,0.643,100.0,100.0,100.0,86.7,69.8,50.6,34.2,1.0,0.0,0.0,0.0
Sikkim,2017,35.7,28.5,100.0,100.0,0.648,100.0,100.0,100.0,88.2,65.6,53.9,43.4,18.1,0.0,0.0,0.0
Sikkim,2018,38.1,31.7,100.0,100.0,0.652,100.0,100.0,100.0,95.5,81.9,58.7,47.2,25.8,1.7,0.0,0.0
Sikkim,2019,33.8,26.7,100.0,100.0,0.657,100.0,100.0,100.0,82.2,59.6,49.6,33.0,7.5,0.0,0.0,0.0
Sikkim,2020,37.6,29.9,100.0,100.0,0.661,100.0,100.0,100.0,93.7,78.1,57.6,48.4,25.8,0.2,0.0,0.0
Sikkim,2021,35.6,29.8,100.0,100.0,0.661,100.0,100.0,100.0,89.9,73.1,53.5,38.9,10.8,0.0,0.0,0.0
Tamil Nadu,1998,19.8,18.8,100.0,100.0,64.266,100.0,97.8,87.5,8.0,0.0,0.0,0.0,0.0,0.0,0.0,0.0
Tamil Nadu,1999,22.3,21.1,100.0,100.0,64.266,100.0,98.0,91.3,32.8,5.2,0.0,0.0,0.0,0.0,0.0,0.0
Tamil Nadu,2000,22.9,21.8,100.0,100.0,64.266,100.0,98.4,94.5,30.3,7.0,0.0,0.0,0.0,0.0,0.0,0.0
Tamil Nadu,2001,25.8,25.1,100.0,100.0,65.253,100.0,99.5,97.3,66.3,15.5,0.0,0.0,0.0,0.0,0.0,0.0
Tamil Nadu,2002,24.5,23.8,100.0,100.0,66.241,100.0,99.8,97.0,52.7,7.1,0.0,0.0,0.0,0.0,0.0,0.0
Tamil Nadu,2003,25.0,24.1,100.0,100.0,67.228,100.0,99.8,97.7,51.7,11.6,0.0,0.0,0.0,0.0,0.0,0.0
Tamil Nadu,2004,26.4,25.7,100.0,100.0,68.215,100.0,100.0,98.0,71.0,17.6,0.1,0.0,0.0,0.0,0.0,0.0
Tamil Nadu,2005,27.9,27.0,100.0,100.0,69.203,100.0,99.9,98.0,83.3,29.7,5.1,0.0,0.0,0.0,0.0,0.0
Tamil Nadu,2006,27.5,26.6,100.0,100.0,70.119,100.0,100.0,98.1,79.1,26.4,3.8,0.0,0.0,0.0,0.0,0.0
Tamil Nadu,2007,28.5,27.2,100.0,100.0,71.035,100.0,99.9,98.2,83.2,34.6,10.0,0.0,0.0,0.0,0.0,0.0
Tamil Nadu,2008,29.6,28.4,100.0,100.0,71.951,100.0,100.0,99.1,89.5,44.8,14.1,0.7,0.0,0.0,0.0,0.0
Tamil Nadu,2009,29.1,27.7,100.0,100.0,72.867,100.0,100.0,98.6,84.4,40.7,13.8,0.7,0.0,0.0,0.0,0.0
Tamil Nadu,2010,29.1,28.1,100.0,100.0,73.783,100.0,100.0,98.3,87.6,41.2,9.1,0.0,0.0,0.0,0.0,0.0
Tamil Nadu,2011,30.4,29.5,100.0,100.0,74.601,100.0,100.0,99.3,92.3,53.1,15.8,1.5,0.0,0.0,0.0,0.0
Tamil Nadu,2012,30.0,28.7,100.0,100.0,75.419,100.0,100.0,98.7,88.5,49.4,15.3,1.5,0.0,0.0,0.0,0.0
Tamil Nadu,2013,28.1,26.7,100.0,100.0,76.237,100.0,100.0,98.3,80.2,29.8,8.4,0.1,0.0,0.0,0.0,0.0
Tamil Nadu,2014,29.9,28.4,100.0,100.0,77.055,100.0,100.0,99.0,88.9,46.5,13.0,3.2,0.0,0.0,0.0,0.0
Tamil Nadu,2015,25.9,24.7,100.0,100.0,77.873,100.0,100.0,97.9,57.9,17.9,0.5,0.0,0.0,0.0,0.0,0.0
Tamil Nadu,2016,30.2,28.3,100.0,100.0,78.646,100.0,100.0,99.3,89.0,46.2,16.5,6.4,0.0,0.0,0.0,0.0
Tamil Nadu,2017,30.8,29.1,100.0,100.0,79.420,100.0,100.0,99.0,90.3,54.3,21.9,6.7,0.0,0.0,0.0,0.0
Tamil Nadu,2018,31.6,30.3,100.0,100.0,80.193,100.0,100.0,99.4,93.2,70.3,21.8,3.5,0.0,0.0,0.0,0.0
Tamil Nadu,2019,28.0,26.2,100.0,100.0,80.966,100.0,99.7,97.9,78.8,27.4,11.5,4.1,0.0,0.0,0.0,0.0
Tamil Nadu,2020,27.1,25.7,100.0,100.0,81.740,100.0,99.8,98.2,72.9,23.9,5.3,0.0,0.0,0.0,0.0,0.0
Tamil Nadu,2021,29.5,27.9,100.0,100.0,81.740,100.0,100.0,99.2,87.2,38.8,16.7,4.3,0.0,0.0,0.0,0.0
Telangana,1998,21.6,20.3,100.0,99.8,32.035,100.0,100.0,99.5,11.6,0.0,0.0,0.0,0.0,0.0,0.0,0.0
Telangana,1999,23.5,22.6,100.0,99.8,32.035,100.0,100.0,100.0,33.0,0.0,0.0,0.0,0.0,0.0,0.0,0.0
Telangana,2000,24.8,23.8,100.0,99.8,32.035,100.0,100.0,100.0,48.9,1.8,0.0,0.0,0.0,0.0,0.0,0.0
Telangana,2001,27.1,26.3,100.0,99.8,32.459,100.0,100.0,100.0,79.2,13.5,0.0,0.0,0.0,0.0,0.0,0.0
Telangana,2002,27.3,26.5,100.0,99.8,32.883,100.0,100.0,100.0,84.2,14.8,0.0,0.0,0.0,0.0,0.0,0.0
Telangana,2003,28.3,27.4,100.0,99.8,33.307,100.0,100.0,100.0,91.7,26.3,0.0,0.0,0.0,0.0,0.0,0.0
Telangana,2004,28.5,27.6,100.0,99.8,33.731,100.0,100.0,100.0,90.3,33.4,0.1,0.0,0.0,0.0,0.0,0.0
Telangana,2005,30.4,29.2,100.0,99.8,34.155,100.0,100.0,100.0,98.6,53.1,7.0,0.0,0.0,0.0,0.0,0.0
Telangana,2006,32.0,30.6,100.0,99.8,34.547,100.0,100.0,100.0,99.9,71.3,19.2,0.4,0.0,0.0,0.0,0.0
Telangana,2007,33.2,31.7,100.0,99.8,34.939,100.0,100.0,100.0,100.0,82.0,28.3,3.5,0.0,0.0,0.0,0.0
Telangana,2008,33.9,32.3,100.0,99.8,35.331,100.0,100.0,100.0,100.0,84.0,37.5,7.7,0.0,0.0,0.0,0.0
Telangana,2009,35.1,33.3,100.0,99.8,35.723,100.0,100.0,100.0,100.0,95.0,44.5,12.1,0.9,0.0,0.0,0.0
Telangana,2010,33.8,32.0,100.0,99.8,36.115,100.0,100.0,100.0,100.0,84.8,32.9,8.7,0.0,0.0,0.0,0.0
Telangana,2011,34.5,33.1,100.0,99.8,36.466,100.0,100.0,100.0,100.0,94.6,38.6,10.1,0.0,0.0,0.0,0.0
Telangana,2012,33.1,31.5,100.0,99.8,36.818,100.0,100.0,100.0,100.0,80.3,26.2,4.7,0.0,0.0,0.0,0.0
Telangana,2013,34.3,32.9,100.0,99.8,37.169,100.0,100.0,100.0,100.0,88.1,39.8,9.3,0.5,0.0,0.0,0.0
Telangana,2014,35.9,34.4,100.0,99.8,37.520,100.0,100.0,100.0,100.0,99.7,51.2,15.2,2.9,0.0,0.0,0.0
Telangana,2015,33.2,31.9,100.0,99.8,37.872,100.0,100.0,100.0,99.9,80.5,29.6,5.9,0.0,0.0,0.0,0.0
Telangana,2016,34.8,32.7,100.0,99.8,38.214,100.0,100.0,100.0,100.0,87.3,41.5,15.5,3.0,0.0,0.0,0.0
Telangana,2017,36.9,34.5,100.0,99.8,38.556,100.0,100.0,100.0,100.0,97.0,58.2,23.0,8.3,1.5,0.0,0.0
Telangana,2018,36.8,34.6,100.0,99.8,38.897,100.0,100.0,100.0,100.0,98.4,56.3,24.1,7.7,0.0,0.0,0.0
Telangana,2019,35.5,33.8,100.0,99.8,39.239,100.0,100.0,100.0,100.0,87.7,48.6,20.4,2.8,0.0,0.0,0.0
Telangana,2020,35.2,33.6,100.0,99.8,39.581,100.0,100.0,100.0,99.9,86.7,46.5,17.7,2.6,0.0,0.0,0.0
Telangana,2021,39.2,37.3,100.0,99.8,39.581,100.0,100.0,100.0,100.0,98.8,81.3,40.2,13.2,2.3,0.0,0.0
Tripura,1998,46.1,44.1,100.0,100.0,3.418,100.0,100.0,100.0,100.0,99.8,93.9,78.2,61.6,33.4,5.3,0.5
Tripura,1999,45.7,43.0,100.0,100.0,3.418,100.0,100.0,100.0,100.0,99.0,86.5,72.1,59.9,36.5,10.3,1.5
Tripura,2000,49.1,46.6,100.0,100.0,3.418,100.0,100.0,100.0,100.0,99.9,98.7,88.0,71.7,55.9,19.5,1.6
Tripura,2001,51.1,48.2,100.0,100.0,3.470,100.0,100.0,100.0,100.0,100.0,98.5,84.4,75.0,63.7,42.6,8.0
Tripura,2002,49.7,47.3,100.0,100.0,3.521,100.0,100.0,100.0,100.0,100.0,99.3,86.9,72.6,57.3,27.9,3.3
Tripura,2003,53.0,50.5,100.0,100.0,3.573,100.0,100.0,100.0,100.0,100.0,99.9,95.5,82.4,68.9,49.7,16.6
Tripura,2004,53.7,50.7,100.0,100.0,3.624,100.0,100.0,100.0,100.0,100.0,100.0,93.4,80.0,68.5,54.1,26.3
Tripura,2005,55.4,51.9,100.0,100.0,3.676,100.0,100.0,100.0,100.0,99.9,99.4,91.7,79.9,70.3,59.2,40.0
Tripura,2006,60.3,57.8,100.0,100.0,3.722,100.0,100.0,100.0,100.0,100.0,100.0,99.9,97.4,85.0,73.1,59.7
Tripura,2007,57.1,54.0,100.0,100.0,3.768,100.0,100.0,100.0,100.0,100.0,100.0,99.8,91.3,75.6,62.3,41.8
Tripura,2008,58.9,55.6,100.0,100.0,3.814,100.0,100.0,100.0,100.0,100.0,100.0,98.9,88.1,76.3,66.1,55.0
Tripura,2009,65.1,61.1,100.0,100.0,3.860,100.0,100.0,100.0,100.0,100.0,100.0,100.0,97.4,85.6,75.7,68.2
Tripura,2010,61.3,57.0,100.0,100.0,3.906,100.0,100.0,100.0,100.0,100.0,100.0,99.8,96.5,81.1,69.5,58.0
Tripura,2011,64.6,61.1,100.0,100.0,3.946,100.0,100.0,100.0,100.0,100.0,100.0,100.0,99.5,90.7,78.3,70.0
Tripura,2012,65.1,61.3,100.0,100.0,3.986,100.0,100.0,100.0,100.0,100.0,100.0,100.0,99.7,92.9,79.3,70.0
Tripura,2013,58.5,55.4,100.0,100.0,4.026,100.0,100.0,100.0,100.0,100.0,100.0,99.7,92.5,78.1,66.4,53.0
Tripura,2014,66.7,63.8,100.0,100.0,4.066,100.0,100.0,100.0,100.0,100.0,100.0,100.0,99.0,91.6,80.0,71.8
Tripura,2015,62.6,59.1,100.0,100.0,4.106,100.0,100.0,100.0,100.0,100.0,100.0,100.0,94.4,84.0,73.6,66.6
Tripura,2016,64.9,62.2,100.0,100.0,4.143,100.0,100.0,100.0,100.0,100.0,100.0,100.0,98.3,90.5,78.4,70.0
Tripura,2017,57.9,54.5,100.0,100.0,4.179,100.0,100.0,100.0,100.0,100.0,100.0,97.6,87.8,73.4,65.6,52.5
Tripura,2018,76.5,72.5,100.0,100.0,4.216,100.0,100.0,100.0,100.0,100.0,100.0,100.0,100.0,99.8,96.5,88.6
Tripura,2019,64.9,61.9,100.0,100.0,4.252,100.0,100.0,100.0,100.0,100.0,100.0,100.0,98.7,90.6,77.3,69.0
Tripura,2020,67.6,63.9,100.0,100.0,4.289,100.0,100.0,100.0,100.0,100.0,100.0,100.0,99.9,93.9,82.9,71.0
Tripura,2021,70.6,67.6,100.0,100.0,4.289,100.0,100.0,100.0,100.0,100.0,100.0,100.0,100.0,99.8,92.4,80.9
Uttar Pradesh,1998,66.3,63.4,100.0,99.9,169.701,100.0,100.0,100.0,99.8,99.6,96.6,91.9,86.7,82.0,76.7,70.4
Uttar Pradesh,1999,64.3,61.9,100.0,99.9,169.701,100.0,100.0,100.0,100.0,99.6,97.1,93.8,88.5,82.9,77.3,69.4
Uttar Pradesh,2000,71.4,68.3,100.0,99.9,169.701,100.0,100.0,100.0,100.0,99.8,99.2,97.3,94.2,89.4,84.4,78.9
Uttar Pradesh,2001,76.9,73.6,100.0,99.9,173.057,100.0,100.0,100.0,100.0,100.0,99.8,98.1,94.9,90.9,87.4,83.7
Uttar Pradesh,2002,78.0,74.8,100.0,99.9,176.413,100.0,100.0,100.0,100.0,100.0,99.8,98.6,96.3,92.8,89.3,85.1
Uttar Pradesh,2003,85.2,81.6,100.0,99.9,179.769,100.0,100.0,100.0,100.0,100.0,99.9,99.7,98.2,95.9,92.3,88.9
Uttar Pradesh,2004,85.4,81.9,100.0,99.9,183.125,100.0,100.0,100.0,100.0,100.0,100.0,99.8,99.1,96.7,94.0,90.3
Uttar Pradesh,2005,81.0,77.7,100.0,99.9,186.481,100.0,100.0,100.0,100.0,100.0,99.8,99.2,97.0,94.4,90.7,87.4
Uttar Pradesh,2006,79.1,75.7,100.0,99.9,189.735,100.0,100.0,100.0,100.0,100.0,99.9,99.4,97.8,95.5,92.3,87.6
Uttar Pradesh,2007,84.1,80.6,100.0,99.9,192.989,100.0,100.0,100.0,100.0,100.0,100.0,99.8,99.1,97.3,94.6,91.0
Uttar Pradesh,2008,94.8,91.0,100.0,99.9,196.243,100.0,100.0,100.0,100.0,100.0,100.0,100.0,99.8,99.4,97.6,95.4
Uttar Pradesh,2009,90.5,86.7,100.0,99.9,199.497,100.0,100.0,100.0,100.0,100.0,100.0,99.9,99.4,97.9,95.9,93.4
Uttar Pradesh,2010,92.5,88.5,100.0,99.9,202.751,100.0,100.0,100.0,100.0,100.0,100.0,99.9,99.2,97.7,96.1,94.3
Uttar Pradesh,2011,98.7,94.5,100.0,99.9,205.810,100.0,100.0,100.0,100.0,100.0,100.0,100.0,100.0,99.6,98.0,96.1
Uttar Pradesh,2012,90.6,87.1,100.0,99.9,208.870,100.0,100.0,100.0,100.0,100.0,100.0,99.9,99.7,98.9,97.1,93.2
Uttar Pradesh,2013,92.8,89.1,100.0,99.9,211.930,100.0,100.0,100.0,100.0,100.0,100.0,100.0,99.9,99.4,98.0,95.6
Uttar Pradesh,2014,87.2,84.0,100.0,99.9,214.989,100.0,100.0,100.0,100.0,100.0,100.0,99.9,99.6,98.8,97.0,94.1
Uttar Pradesh,2015,88.4,85.1,100.0,99.9,218.049,100.0,100.0,100.0,100.0,100.0,100.0,99.9,99.4,98.7,97.4,95.2
Uttar Pradesh,2016,97.9,93.3,100.0,99.9,221.045,100.0,100.0,100.0,100.0,100.0,100.0,100.0,99.8,99.3,98.5,97.0
Uttar Pradesh,2017,92.9,89.4,100.0,99.9,224.042,100.0,100.0,100.0,100.0,100.0,100.0,99.9,99.5,98.5,96.8,94.3
Uttar Pradesh,2018,92.9,89.2,100.0,99.9,227.038,100.0,100.0,100.0,100.0,100.0,100.0,99.9,99.5,98.9,97.8,96.1
Uttar Pradesh,2019,97.7,94.2,100.0,99.9,230.035,100.0,100.0,100.0,100.0,100.0,100.0,100.0,99.6,98.2,96.5,93.8
Uttar Pradesh,2020,92.2,88.5,100.0,99.9,233.031,100.0,100.0,100.0,100.0,100.0,100.0,100.0,99.7,98.6,97.0,94.1
Uttar Pradesh,2021,99.4,95.3,100.0,99.9,233.031,100.0,100.0,100.0,100.0,100.0,100.0,100.0,99.9,99.7,98.5,96.3
Uttarakhand,1998,28.9,24.1,100.0,100.0,8.965,100.0,100.0,99.5,72.6,44.0,14.0,6.1,0.0,0.0,0.0,0.0
Uttarakhand,1999,28.8,23.9,100.0,100.0,8.965,100.0,100.0,99.6,68.6,41.5,15.5,8.8,0.0,0.0,0.0,0.0
Uttarakhand,2000,35.7,32.2,100.0,100.0,8.965,100.0,100.0,100.0,99.1,78.8,59.7,23.6,7.8,0.0,0.0,0.0
Uttarakhand,2001,35.5,31.6,100.0,100.0,9.125,100.0,100.0,100.0,99.2,75.2,57.6,25.5,6.4,0.0,0.0,0.0
Uttarakhand,2002,35.4,30.5,100.0,100.0,9.285,100.0,100.0,100.0,95.7,73.4,55.6,28.4,6.8,0.0,0.0,0.0
Uttarakhand,2003,37.6,31.4,100.0,100.0,9.445,100.0,100.0,100.0,89.6,76.0,61.3,50.0,21.5,5.9,0.0,0.0
Uttarakhand,2004,40.1,34.0,100.0,100.0,9.604,100.0,100.0,100.0,97.9,84.8,71.8,55.9,30.6,11.4,2.4,0.0
Uttarakhand,2005,34.0,28.2,100.0,100.0,9.764,100.0,100.0,100.0,83.8,61.9,45.9,25.9,10.3,2.0,0.0,0.0
Uttarakhand,2006,36.5,29.2,100.0,100.0,9.922,100.0,100.0,100.0,88.3,68.3,55.1,42.4,18.6,8.3,0.5,0.0
Uttarakhand,2007,37.3,29.7,100.0,100.0,10.080,100.0,100.0,100.0,91.3,64.7,53.7,44.2,24.2,13.6,6.5,0.0
Uttarakhand,2008,42.6,34.1,100.0,100.0,10.238,100.0,100.0,100.0,99.4,83.2,65.1,54.7,47.1,32.1,16.2,5.9
Uttarakhand,2009,39.7,31.3,100.0,100.0,10.396,100.0,100.0,100.0,93.7,72.8,59.8,54.0,35.7,17.2,9.2,2.2
Uttarakhand,2010,39.8,30.8,100.0,100.0,10.554,100.0,100.0,100.0,88.9,69.3,58.6,52.9,39.3,19.6,11.5,4.4
Uttarakhand,2011,44.4,34.2,100.0,100.0,10.706,100.0,100.0,100.0,99.5,82.2,68.9,58.8,52.9,37.8,18.6,13.0
Uttarakhand,2012,42.5,34.3,100.0,100.0,10.859,100.0,100.0,100.0,99.1,83.6,62.9,55.0,46.7,36.0,16.9,0.4
Uttarakhand,2013,43.5,33.3,100.0,100.0,11.011,100.0,100.0,100.0,96.2,81.0,63.7,56.9,51.1,37.6,18.7,12.3
Uttarakhand,2014,42.9,33.8,100.0,100.0,11.164,100.0,100.0,100.0,99.8,82.5,63.1,56.5,50.8,32.0,15.7,7.2
Uttarakhand,2015,44.7,34.9,100.0,100.0,11.316,100.0,100.0,100.0,99.8,85.5,66.9,58.9,54.2,46.0,21.4,11.5
Uttarakhand,2016,47.9,37.0,100.0,100.0,11.472,100.0,100.0,100.0,100.0,91.1,74.4,62.4,57.7,53.7,38.2,19.3
Uttarakhand,2017,42.8,32.7,100.0,100.0,11.627,100.0,100.0,100.0,94.9,78.4,65.4,59.1,53.6,35.7,16.7,4.2
Uttarakhand,2018,45.8,34.8,100.0,100.0,11.782,100.0,100.0,100.0,98.5,84.6,69.7,61.7,57.2,49.9,25.2,14.3
Uttarakhand,2019,40.8,30.7,100.0,100.0,11.937,100.0,100.0,100.0,90.9,73.4,61.3,56.4,48.4,26.9,9.7,0.3
Uttarakhand,2020,41.2,31.2,100.0,100.0,12.092,100.0,100.0,100.0,93.6,74.6,61.3,55.6,41.5,27.6,14.0,6.5
Uttarakhand,2021,47.1,36.9,100.0,100.0,12.092,100.0,100.0,100.0,99.9,95.6,78.6,62.5,58.4,51.4,23.7,13.7
West Bengal,1998,35.7,36.4,100.0,99.9,81.845,100.0,100.0,100.0,99.3,89.3,52.9,14.9,6.8,0.9,0.0,0.0
West Bengal,1999,37.7,37.8,100.0,99.9,81.845,100.0,100.0,100.0,99.3,94.1,77.8,28.8,4.6,0.1,0.0,0.0
West Bengal,2000,42.2,42.3,100.0,99.9,81.845,100.0,100.0,100.0,99.7,98.7,93.2,68.3,34.7,1.1,0.0,0.0
West Bengal,2001,43.5,43.9,100.0,99.9,82.974,100.0,100.0,100.0,99.9,99.5,95.2,75.4,41.4,9.4,0.5,0.0
West Bengal,2002,45.4,45.3,100.0,99.9,84.104,100.0,100.0,100.0,99.8,98.7,94.7,84.5,58.1,22.4,1.0,0.0
West Bengal,2003,45.4,45.9,100.0,99.9,85.234,100.0,100.0,100.0,100.0,99.6,97.6,83.1,52.6,24.4,2.2,0.0
West Bengal,2004,47.3,47.7,100.0,99.9,86.363,100.0,100.0,100.0,100.0,99.7,97.4,91.9,69.7,32.2,5.6,0.1
West Bengal,2005,49.3,48.9,100.0,99.9,87.493,100.0,100.0,100.0,100.0,99.9,99.0,94.8,83.2,48.0,10.8,0.1
West Bengal,2006,54.9,54.4,100.0,99.9,88.502,100.0,100.0,100.0,100.0,100.0,99.8,99.1,95.9,84.8,54.2,13.2
West Bengal,2007,54.4,54.3,100.0,99.9,89.511,100.0,100.0,100.0,100.0,99.9,99.5,98.1,94.0,80.8,47.2,19.2
West Bengal,2008,59.6,59.2,100.0,99.9,90.519,100.0,100.0,100.0,100.0,100.0,99.5,98.6,94.7,91.9,79.8,51.3
West Bengal,2009,61.8,61.3,100.0,99.9,91.528,100.0,100.0,100.0,100.0,100.0,100.0,99.7,97.8,95.2,86.7,62.7
West Bengal,2010,53.3,53.6,100.0,99.9,92.537,100.0,100.0,100.0,100.0,99.8,99.3,98.4,92.5,73.9,43.4,10.4
West Bengal,2011,62.3,62.1,100.0,99.9,93.392,100.0,100.0,100.0,100.0,100.0,99.7,98.8,95.2,93.4,86.0,62.3
West Bengal,2012,61.6,61.8,100.0,99.9,94.248,100.0,100.0,100.0,100.0,100.0,99.8,99.3,98.4,94.9,85.5,57.3
West Bengal,2013,60.3,60.5,100.0,99.9,95.103,100.0,100.0,100.0,100.0,99.8,99.4,98.7,95.6,92.5,80.1,50.5
West Bengal,2014,64.2,63.3,100.0,99.9,95.958,100.0,100.0,100.0,100.0,99.9,99.6,98.7,95.5,93.8,89.8,79.8
West Bengal,2015,60.5,60.4,100.0,99.9,96.814,100.0,100.0,100.0,100.0,99.8,99.5,96.8,94.4,93.0,83.6,58.9
West Bengal,2016,63.2,61.5,100.0,99.9,97.581,100.0,100.0,100.0,99.9,99.7,99.1,95.8,94.1,92.9,89.4,75.0
West Bengal,2017,60.3,60.4,100.0,99.9,98.349,100.0,100.0,100.0,100.0,99.8,99.5,98.0,94.5,90.9,79.2,56.0
West Bengal,2018,65.9,65.1,100.0,99.9,99.116,100.0,100.0,100.0,100.0,99.9,99.7,99.3,98.1,94.6,91.6,78.9
West Bengal,2019,59.3,60.0,100.0,99.9,99.884,100.0,100.0,100.0,100.0,99.8,99.3,98.5,94.7,91.2,75.3,48.3
West Bengal,2020,67.2,67.4,100.0,99.9,100.651,100.0,100.0,100.0,100.0,99.9,99.7,99.1,97.7,95.0,91.7,84.2
West Bengal,2021,66.2,67.3,100.0,99.9,100.651,100.0,100.0,100.0,100.0,99.9,99.5,99.1,98.8,96.2,92.1,79.1
